period,strategy,construction,start,end,months,cagr,market_cagr,excess_cagr,ann_mean,ann_vol,sharpe_rf,max_dd,market_max_dd,information_ratio,monthly_win_rate,hac_t_excess,bootstrap_lo,bootstrap_hi,bootstrap_prob_positive,cumulative,scenario,haircut_bps,break_even_monthly_bps
full,Value,size_balanced:gross,1990-12,2026-06,427,0.06438653842662223,0.038198186403085144,0.026188352023537087,0.08095081967213115,0.1935355592269598,0.2849752152115761,-0.6550338491938663,-0.5809621481292239,0.35605068825301106,0.5362997658079626,1.7947732135782972,-0.001696264637002337,0.05845524590163933,0.9682,8.210559925711413,gross,0,20.814891158260995
full,Value,size_balanced:base,1990-12,2026-06,427,0.06229185576638607,0.038198186403085144,0.02409366936330093,0.07898360655737705,0.19359592018948962,0.27475039778849575,-0.6585807542952438,-0.5809621481292239,0.33001290462611116,0.531615925058548,1.664261968937849,-0.0037174004683840733,0.056488032786885224,0.9566,7.587044828851337,base,20,20.814891158260995
full,Value,size_balanced:double,1990-12,2026-06,427,0.06019709528791828,0.038198186403085144,0.021998908884833135,0.07701639344262295,0.19367495647274444,0.26450655205702717,-0.6620984386908414,-0.5809621481292239,0.30385477418833234,0.5292740046838408,1.5336528219392984,-0.005713384074941457,0.05451168618266978,0.941,7.004610541602284,double,40,20.814891158260995
full,Profitability,size_balanced:gross,1990-12,2026-06,427,0.040410748070047076,0.038198186403085144,0.002212561666961932,0.05719110070257611,0.18834209224209447,0.16684211393819515,-0.582061632879381,-0.5809621481292239,0.06572056790158294,0.5152224824355972,0.37908605137090967,-0.015317704918032783,0.021397833723653396,0.6488,3.0945408033710082,gross,0,1.7772031363415437
full,Profitability,size_balanced:base,1990-12,2026-06,427,0.0383582755792935,0.038198186403085144,0.0001600891762083556,0.05522388758782201,0.18840677866815625,0.1563791723160567,-0.586298102840809,-0.5809621481292239,0.029461089815323735,0.5128805620608899,0.17050669869902882,-0.01728600702576112,0.019411264637002334,0.5698,2.816707528788967,base,20,1.7772031363415437
full,Profitability,size_balanced:double,1990-12,2026-06,427,0.03630572571027435,0.038198186403085144,-0.0018924606928107934,0.05325667447306791,0.1884906512484762,0.14590862296555557,-0.5905001563207675,-0.5809621481292239,-0.006598782012849559,0.5105386416861827,-0.03834452121310743,-0.01923966042154567,0.017463969555035118,0.4838,2.5572224628233333,double,40,1.7772031363415437
full,Momentum,size_balanced:gross,1990-12,2026-06,427,0.048493975798712396,0.038198186403085144,0.010295789395627253,0.0662487119437939,0.19502404070476861,0.20758339264821563,-0.5857902697572153,-0.5809621481292239,0.16296155898516276,0.5269320843091335,0.9625722676756978,-0.010214086651053866,0.03588618266978923,0.8506,4.392680393642088,gross,0,8.239690172525057
full,Momentum,size_balanced:base,1990-12,2026-06,427,0.023663686736501433,0.038198186403085144,-0.014534499666583711,0.042248711943793885,0.19502404070476861,0.08483718020468003,-0.6267064781589304,-0.5809621481292239,-0.14668171918444253,0.48009367681498827,-0.8664114159265854,-0.034214086651053875,0.011886182669789209,0.161,1.298425873109284,base,20,8.239690172525057
full,Momentum,size_balanced:double,1990-12,2026-06,427,-0.0006266599243259785,0.038198186403085144,-0.03882484632741112,0.018248711943793884,0.19502404070476861,-0.037909032238855445,-0.6669759802042596,-0.5809621481292239,-0.45632499735404763,0.43559718969555034,-2.695395099528868,-0.05821408665105388,-0.012113817330210793,0.0014,-0.022058707364426167,double,40,8.239690172525057
full,Value+Momentum,size_balanced:gross,1990-12,2026-06,427,0.057635369847737206,0.038198186403085144,0.019437183444652062,0.07359976580796253,0.18807125067534936,0.25421155315310723,-0.6200367370143587,-0.5809621481292239,0.3341488989672469,0.5199063231850117,1.853810235115289,-0.00012144028103044558,0.041323261124121775,0.9744,6.344374232836658,gross,0,15.495413810351529
full,Value+Momentum,size_balanced:base,1990-12,2026-06,427,0.04402329163860008,0.038198186403085144,0.005825105235514938,0.06061615925058547,0.18810217086981024,0.18533137883111733,-0.6411677384197185,-0.5809621481292239,0.11691079429914938,0.49882903981264637,0.64906170953788,-0.013104519906323196,0.02834035714285712,0.7388,3.6320244645612165,base,20,15.495413810351529
full,Value+Momentum,size_balanced:double,1990-12,2026-06,427,0.030570986235461728,0.038198186403085144,-0.007627200167623416,0.04763255269320841,0.1881378968915506,0.11647080371034924,-0.6611470542615494,-0.5809621481292239,-0.09985923739814001,0.47540983606557374,-0.5548693378157062,-0.026086721311475422,0.015356768149882877,0.2834,1.919817360446984,double,40,15.495413810351529
full,Value+Profitability,size_balanced:gross,1990-12,2026-06,427,0.05308572572377668,0.038198186403085144,0.014887539320691534,0.06907096018735362,0.18715961916960747,0.23123614265337603,-0.6196726930964253,-0.5809621481292239,0.2826507643851393,0.5597189695550351,1.507436193576656,-0.003326399297423888,0.03562283957845429,0.9406,5.299908657541567,gross,0,11.892192526367259
full,Value+Profitability,size_balanced:base,1990-12,2026-06,427,0.05101100846563433,0.038198186403085144,0.01281282206254919,0.06710374707259951,0.1872233749590715,0.22068237558164908,-0.6235550912137167,-0.5809621481292239,0.24604288628660395,0.5480093676814989,1.3147591145937048,-0.0052374414519906305,0.03360024590163929,0.9112,4.872979842754895,base,20,11.892192526367259
full,Value+Profitability,size_balanced:double,1990-12,2026-06,427,0.04893621406340176,0.038198186403085144,0.010738027660316618,0.06513653395784542,0.1873064388546179,0.21011423216862804,-0.627405730176255,-0.5809621481292239,0.209370793067944,0.5386416861826698,1.1218120044864983,-0.007148114754098363,0.03161176229508193,0.876,4.474209476120641,double,40,11.892192526367259
full,Profitability+Momentum,size_balanced:gross,1990-12,2026-06,427,0.045068978828590955,0.038198186403085144,0.006870792425505812,0.06171990632318501,0.1884575564707411,0.19075123637117147,-0.582734044354192,-0.5809621481292239,0.14223884741783044,0.5058548009367682,0.867247401827521,-0.009234976580796257,0.025765117096018732,0.8088,3.8000014941064,gross,0,5.507516023723321
full,Profitability+Momentum,size_balanced:base,1990-12,2026-06,427,0.03160478762026564,0.038198186403085144,-0.006593398782819504,0.04873629976580795,0.18848907839337134,0.12204798009367522,-0.6058838372520361,-0.5809621481292239,-0.0855988459157803,0.48009367681498827,-0.5226663872908617,-0.022217177985948487,0.012754110070257589,0.2832,2.025868164863153,base,20,5.507516023723321
full,Profitability+Momentum,size_balanced:double,1990-12,2026-06,427,0.018298793878676944,0.038198186403085144,-0.0198993925244082,0.03575269320843091,0.18852539606572274,0.053366247795777984,-0.6277749052048678,-0.5809621481292239,-0.3128206621041641,0.45433255269320844,-1.9131329966217088,-0.03518745316159252,-0.00023429156908667204,0.0242,0.9064565499239117,double,40,5.507516023723321
full,Value+Profitability+Momentum,size_balanced:gross,1990-12,2026-06,427,0.05220622806697928,0.038198186403085144,0.014008041663894133,0.06813021077283371,0.18639860008673875,0.22716267086386321,-0.6074419912786233,-0.5809621481292239,0.27882404395871596,0.5292740046838408,1.5991230246693648,-0.0025186416861826765,0.03217427400468382,0.9524,5.115367430200336,gross,0,11.194005437927048
full,Value+Profitability+Momentum,size_balanced:base,1990-12,2026-06,427,0.04247047838025475,0.038198186403085144,0.004272291977169607,0.05881873536299764,0.18644085596223842,0.17731681868039378,-0.6234085941222798,-0.5809621481292239,0.09974073532554215,0.5058548009367682,0.5729600498332879,-0.011820386416861837,0.022861861826697888,0.709,3.3930786035324845,base,20,11.194005437927048
full,Value+Profitability+Momentum,size_balanced:double,1990-12,2026-06,427,0.032815661046728284,0.038198186403085144,-0.00538252535635686,0.04950725995316158,0.18649173057449758,0.12748760263602324,-0.6387411030359816,-0.5809621481292239,-0.07863884435932951,0.48243559718969553,-0.4526187267307107,-0.021141733021077292,0.013515187353629944,0.3168,2.1548483650131987,double,40,11.194005437927048
full,Value,big_only:gross,1990-12,2026-06,427,0.06525349796313074,0.038198186403085144,0.027055311560045592,0.0821536299765808,0.19559605263479443,0.2884020224862717,-0.5828386376644679,-0.5809621481292239,0.35046963650166324,0.5526932084309133,1.975260973550437,0.0014520140515222552,0.057367868852458995,0.9808,8.4813056154388,gross,0,21.495243424689384
full,Value,big_only:base,1990-12,2026-06,427,0.06315951555982413,0.038198186403085144,0.024961329156738987,0.0801864168618267,0.1956435278572064,0.2782916747375976,-0.5871102357051796,-0.5809621481292239,0.3260646429380091,0.550351288056206,1.8378920008546138,-0.0005508899297423904,0.05544477751756439,0.973,7.840174175180948,base,20,21.495243424689384
full,Value,big_only:double,1990-12,2026-06,427,0.06106545483047654,0.038198186403085144,0.022867268427391396,0.07821920374707261,0.1957094913398294,0.2681609677406274,-0.591346783879463,-0.5809621481292239,0.30153218592022046,0.550351288056206,1.7003224084807889,-0.002518103044496489,0.05347798594847773,0.9604,7.2412370910480846,double,40,21.495243424689384
full,Profitability,big_only:gross,1990-12,2026-06,427,0.037684703486484894,0.038198186403085144,-0.0005134829166002497,0.05251334894613583,0.17676826688853853,0.15166741710855342,-0.652041694407318,-0.5809621481292239,-0.022914722082550267,0.49414519906323184,-0.13883377834090516,-0.016460585480093676,0.014533138173302096,0.4446,2.7295893116237573,gross,0,-0.4130118623477813
full,Profitability,big_only:base,1990-12,2026-06,427,0.035648592339368346,0.038198186403085144,-0.002549594063716798,0.05054613583138172,0.17677381080921833,0.14055176701702127,-0.6543198610209522,-0.5809621481292239,-0.06382158232773445,0.48711943793911006,-0.3864094234419093,-0.01845822014051523,0.012553911007025756,0.3444,2.4778318765228415,base,20,-0.4130118623477813
full,Profitability,big_only:double,1990-12,2026-06,427,0.03361240532701548,0.038198186403085144,-0.0045857810760696616,0.04857892271662763,0.17679983319910156,0.12942188106033273,-0.656588065238964,-0.5809621481292239,-0.10468276432393689,0.48009367681498827,-0.633886450104231,-0.020464707259953165,0.01062070257611241,0.2614,2.2426142674925242,double,40,-0.4130118623477813
full,Momentum,big_only:gross,1990-12,2026-06,427,0.048271897870518554,0.038198186403085144,0.01007371146743341,0.06597470725995316,0.19483750890457951,0.20667838084807166,-0.6653763016940997,-0.5809621481292239,0.1428411701126515,0.5269320843091335,0.7374938050218364,-0.015521803278688524,0.04210271662763463,0.8056,4.3521854285816834,gross,0,8.062804174401826
full,Momentum,big_only:base,1990-12,2026-06,427,0.023446611365544268,0.038198186403085144,-0.014751575037540876,0.041974707259953156,0.19483750890457951,0.08363666788588744,-0.690004226349059,-0.5809621481292239,-0.1345897129353459,0.47540983606557374,-0.694891251809295,-0.03952180327868854,0.018102716627634623,0.2006,1.2811460710054514,base,20,8.062804174401826
full,Momentum,big_only:double,1990-12,2026-06,427,-0.0008388350284843638,0.038198186403085144,-0.03903702143156951,0.017974707259953156,0.1948375089045795,-0.039405045076296746,-0.7367637378020131,-0.5809621481292239,-0.41202059598334323,0.42857142857142855,-2.127276308640426,-0.06352180327868853,-0.005897283372365386,0.0094,-0.029419635454497106,double,40,8.062804174401826
full,Value+Momentum,big_only:gross,1990-12,2026-06,427,0.058966129606077056,0.038198186403085144,0.020767943202991912,0.07406416861826697,0.18375969979709575,0.2630219241462001,-0.5064679257211243,-0.5809621481292239,0.39244125816195924,0.531615925058548,2.1013322127928453,0.0032978571428571466,0.03799675644028102,0.9908,6.680455540593188,gross,0,16.547841531972146
full,Value+Momentum,big_only:base,1990-12,2026-06,427,0.04534163242868394,0.038198186403085144,0.007143446025598799,0.06108056206088992,0.18377800755788337,0.19245023163300548,-0.5263111822018965,-0.5809621481292239,0.14317445350788444,0.4847775175644028,0.7668737338643382,-0.009686451990632327,0.025069988290398113,0.7918,3.844764044493192,base,20,16.547841531972146
full,Value+Momentum,big_only:double,1990-12,2026-06,427,0.03187700890699108,0.038198186403085144,-0.006321177496094066,0.04809695550351287,0.18380123791712447,0.12188934407334806,-0.5453790418193109,-0.5809621481292239,-0.10583622492444525,0.4496487119437939,-0.5671809889981076,-0.022669707259953174,0.012087822014051479,0.2702,2.0544104250251576,double,40,16.547841531972146
full,Value+Profitability,big_only:gross,1990-12,2026-06,427,0.05291541822893264,0.038198186403085144,0.014717231825847499,0.06733348946135832,0.17834423310943404,0.23327730448061637,-0.5035736705087219,-0.5809621481292239,0.35058782415710865,0.5433255269320844,2.0609922264546947,0.001503442622950819,0.026203665105386412,0.9856,5.263756274100472,gross,0,11.758553267211726
full,Value+Profitability,big_only:base,1990-12,2026-06,427,0.05084790723021748,0.038198186403085144,0.012649720827132338,0.06536627634660422,0.17837301528274987,0.22222923877729003,-0.5067887691298376,-0.5809621481292239,0.30014429856062014,0.5362997658079626,1.7636223864515685,-0.0004774355971896904,0.024219836065573756,0.9698,4.840636105800491,base,20,11.758553267211726
full,Value+Profitability,big_only:double,1990-12,2026-06,427,0.04878031977478092,0.038198186403085144,0.010582133371695779,0.06339906323185013,0.17842208523809258,0.211160806292373,-0.5099899618940675,-0.5809621481292239,0.24916692635834004,0.531615925058548,1.4653073057815555,-0.0024888056206088987,0.02222160421545667,0.9428,4.445333711629831,double,40,11.758553267211726
full,Profitability+Momentum,big_only:gross,1990-12,2026-06,427,0.04392491248911856,0.038198186403085144,0.005726726086033418,0.059244028103044494,0.180828567586252,0.18545711521044056,-0.6557290385208288,-0.5809621481292239,0.1027548699485835,0.5128805620608899,0.522195921403545,-0.012926030444964876,0.02607548009367681,0.707,3.6165183539841,gross,0,4.593279721775076
full,Profitability+Momentum,big_only:base,1990-12,2026-06,427,0.03048034282996337,0.038198186403085144,-0.007717843573121774,0.046260421545667445,0.18083568813568376,0.1137528754777022,-0.669708112581261,-0.5809621481292239,-0.1344108771476791,0.47540983606557374,-0.6830716908588688,-0.02591012880562062,0.013091873536299753,0.2136,1.9106930457521667,base,20,4.593279721775076
full,Profitability+Momentum,big_only:double,1990-12,2026-06,427,0.017193702524223475,0.038198186403085144,-0.02100448387886167,0.03327681498829039,0.18084781324973803,0.04205314981450043,-0.683585429936409,-0.5809621481292239,-0.3716025021764355,0.4379391100702576,-1.888855485635302,-0.03889443793911008,0.00011111241217796906,0.026,0.8342013158354571,double,40,4.593279721775076
full,Value+Profitability+Momentum,big_only:gross,1990-12,2026-06,427,0.05243954200594758,0.038198186403085144,0.014241355602862438,0.06688056206088994,0.1781468069915601,0.23102139750151415,-0.5582871576371109,-0.5809621481292239,0.35537014347212764,0.5339578454332553,1.8402769289568432,0.0007125761124121801,0.02679744730679156,0.9824,5.163804194409469,gross,0,11.380674491286037
full,Value+Profitability+Momentum,big_only:base,1990-12,2026-06,427,0.04270754612598515,0.038198186403085144,0.004509359722900008,0.057569086651053855,0.1781648156840172,0.17881584044403717,-0.5711753167233937,-0.5809621481292239,0.10584815918236892,0.49882903981264637,0.5482615010285398,-0.008608032786885251,0.017460140515222468,0.7162,3.428767495891476,base,20,11.380674491286037
full,Value+Profitability+Momentum,big_only:double,1990-12,2026-06,427,0.03305641934450554,0.038198186403085144,-0.005141767058579605,0.04825761124121778,0.1781918527802385,0.12661445159406423,-0.5836999004685821,-0.5809621481292239,-0.1433909293231371,0.4519906323185012,-0.7434557508521226,-0.01792262295081968,0.008174426229508185,0.2004,2.1811229084847,double,40,11.380674491286037
pre_2015,Value,size_balanced:gross,1990-12,2015-06,295,0.048230285592916866,0.019061595111627305,0.02916869048128956,0.06897152542372881,0.2111960249451006,0.1936568306025076,-0.6550338491938663,-0.5809621481292239,0.38548662427357316,0.5525423728813559,1.5549784805703064,-0.00626710169491526,0.07045367796610168,0.948,2.183420103386222,gross,0,23.54015460078726
pre_2015,Value,size_balanced:base,1990-12,2015-06,295,0.046161788030908646,0.019061595111627305,0.02710019291928134,0.06701898305084746,0.21133551092631106,0.1843251509684093,-0.6585807542952438,-0.5809621481292239,0.3608471912852997,0.5457627118644067,1.457330101929215,-0.008164423728813559,0.06847789830508473,0.9376,2.032530211367177,base,20,23.54015460078726
pre_2015,Value,size_balanced:double,1990-12,2015-06,295,0.04409318195409839,0.019061595111627305,0.025031586842471087,0.06506644067796609,0.21149192555318932,0.17499183905058682,-0.6620984386908414,-0.5809621481292239,0.3361210373453114,0.5423728813559322,1.359592695967459,-0.010037644067796612,0.0664480677966101,0.928,1.8885073008978481,double,40,23.54015460078726
pre_2015,Profitability,size_balanced:gross,1990-12,2015-06,295,0.026880314609400546,0.019061595111627305,0.007818719497773241,0.04667999999999999,0.20259070410005267,0.09222194107513171,-0.582061632879381,-0.5809621481292239,0.1580241898508101,0.511864406779661,0.7967108959400979,-0.011602474576271183,0.030616372881355932,0.8078,0.9195338861828652,gross,0,6.370811735406456
pre_2015,Profitability,size_balanced:base,1990-12,2015-06,295,0.024850011772481695,0.019061595111627305,0.00578841666085439,0.04472745762711864,0.2027323326136202,0.08256737188274306,-0.586298102840809,-0.5809621481292239,0.1237773877167219,0.5084745762711864,0.6254385571420168,-0.013599050847457626,0.028705016949152527,0.746,0.8283779073139246,base,20,6.370811735406456
pre_2015,Profitability,size_balanced:double,1990-12,2015-06,295,0.022819600194525336,0.019061595111627305,0.0037580050828980305,0.04277491525423728,0.2028916044492758,0.07291994024047828,-0.5905001563207675,-0.5809621481292239,0.08967659590756628,0.5084745762711864,0.4543790266197948,-0.01555179661016949,0.026754762711864364,0.6888,0.7413782283402752,double,40,6.370811735406456
pre_2015,Momentum,size_balanced:gross,1990-12,2015-06,295,0.03207363756721193,0.019061595111627305,0.013012042455584627,0.053025762711864405,0.20875971326146725,0.11981319758746413,-0.5857902697572153,-0.5809621481292239,0.1849154169912277,0.5220338983050847,0.8992249637675989,-0.01573469491525424,0.04756586440677961,0.8292,1.1729730395122675,gross,0,10.576696583756481
pre_2015,Momentum,size_balanced:base,1990-12,2015-06,295,0.007595339160481496,0.019061595111627305,-0.01146625595114581,0.029025762711864384,0.20875971326146725,0.005289444526947436,-0.6267064781589304,-0.5809621481292239,-0.10192590291103186,0.48135593220338985,-0.4956553533689435,-0.03973469491525426,0.02356586440677959,0.3014,0.20443819312106126,base,20,10.576696583756481
pre_2015,Momentum,size_balanced:double,1990-12,2015-06,295,-0.016349885242605167,0.019061595111627305,-0.03541148035423247,0.005025762711864381,0.20875971326146725,-0.10923430853356915,-0.6669759802042596,-0.5809621481292239,-0.3887672228132913,0.4440677966101695,-1.8905356705054859,-0.06373469491525426,-0.00043413559322041115,0.0244,-0.3331944012603181,double,40,10.576696583756481
pre_2015,Value+Momentum,size_balanced:gross,1990-12,2015-06,295,0.04133638524880201,0.019061595111627305,0.022274790137174705,0.06099864406779661,0.2041814397400346,0.16136824929867669,-0.6200367370143587,-0.5809621481292239,0.3526652181483624,0.5220338983050847,1.5996332968044522,-0.0026808050847457613,0.05156331355932202,0.9558,1.706739627664771,gross,0,18.033150488955403
pre_2015,Value+Momentum,size_balanced:base,1990-12,2015-06,295,0.027914074388120547,0.019061595111627305,0.008852479276493241,0.04802237288135594,0.2042435591095538,0.09804128277615694,-0.6411677384197185,-0.5809621481292239,0.1573202429705285,0.49830508474576274,0.7142475827000792,-0.01565011016949153,0.03858645762711863,0.7726,0.9676067704170979,base,20,18.033150488955403
pre_2015,Value+Momentum,size_balanced:double,1990-12,2015-06,295,0.014649516296015852,0.019061595111627305,-0.004412078815611453,0.03504610169491525,0.20431006420052236,0.034751969089137795,-0.6611470542615494,-0.5809621481292239,-0.03764352974093811,0.47796610169491527,-0.17108579447891833,-0.028636271186440694,0.025584050847457615,0.4252,0.4297813508108834,double,40,18.033150488955403
pre_2015,Value+Profitability,size_balanced:gross,1990-12,2015-06,295,0.038119475396261704,0.019061595111627305,0.0190578802846344,0.0578257627118644,0.2040497141389659,0.1459729951820999,-0.6196726930964253,-0.5809621481292239,0.3287778648825158,0.5491525423728814,1.434385093809558,-0.006165203389830497,0.04666466949152542,0.9366,1.5084978928104982,gross,0,15.450940781551996
pre_2015,Value+Profitability,size_balanced:base,1990-12,2015-06,295,0.036069113114320484,0.019061595111627305,0.017007518002693178,0.05587322033898305,0.20419220627323809,0.13634845610334403,-0.6235550912137167,-0.5809621481292239,0.2961628112894274,0.5457627118644067,1.2947576311277176,-0.00813622881355932,0.044670584745762666,0.915,1.3894954200797907,base,20,15.450940781551996
pre_2015,Value+Profitability,size_balanced:double,1990-12,2015-06,295,0.03401864253504083,0.019061595111627305,0.014957047423413528,0.0539206779661017,0.20435221441205123,0.12672651457069828,-0.627405730176255,-0.5809621481292239,0.2635116421341242,0.5322033898305085,1.1550585239908149,-0.010033601694915255,0.04264042372881345,0.8894,1.2759134024963474,double,40,15.450940781551996
pre_2015,Profitability+Momentum,size_balanced:gross,1990-12,2015-06,295,0.03014518402137778,0.019061595111627305,0.011083588909750475,0.04985288135593219,0.20241235271464286,0.10792011597813674,-0.582734044354192,-0.5809621481292239,0.1988136164151242,0.5050847457627119,1.010842484421159,-0.009944872881355923,0.03623496610169491,0.8544,1.075327135375105,gross,0,9.017907338070746
pre_2015,Profitability+Momentum,size_balanced:base,1990-12,2015-06,295,0.01685532520481048,0.019061595111627305,-0.0022062699068168268,0.03687661016949151,0.20247406908844942,0.04406524570426946,-0.6058838372520361,-0.5809621481292239,-0.010936839906264413,0.4745762711864407,-0.05567445183212497,-0.022921144067796613,0.023218499999999986,0.4686,0.5081846993103745,base,20,9.017907338070746
pre_2015,Profitability+Momentum,size_balanced:double,1990-12,2015-06,295,0.003721800006570186,0.019061595111627305,-0.015339795105057119,0.02390033898305083,0.20254020975463297,-0.01975040677386877,-0.6277749052048678,-0.5809621481292239,-0.22019377080673525,0.45084745762711864,-1.122398081020769,-0.035897415254237286,0.010201550847457604,0.1182,0.09562437888512632,double,40,9.017907338070746
pre_2015,Value+Profitability+Momentum,size_balanced:gross,1990-12,2015-06,295,0.0368002737559987,0.019061595111627305,0.017738678644371397,0.0562257627118644,0.20219931162718288,0.13942210392703863,-0.6074419912786233,-0.5809621481292239,0.31705522750255477,0.5254237288135594,1.489201794846486,-0.004110949152542371,0.042761559322033876,0.9424,1.431296660727337,gross,0,14.390163178308168
pre_2015,Value+Profitability+Momentum,size_balanced:base,1990-12,2015-06,295,0.027193081678827502,0.019061595111627305,0.008131486567200197,0.04692406779661016,0.20228660471616994,0.09357005972877505,-0.6234085941222798,-0.5809621481292239,0.1588166934306162,0.49830508474576274,0.7471309790252343,-0.013458288135593216,0.03344059322033895,0.7842,0.9339583039153985,base,20,14.390163178308168
pre_2015,Value+Profitability+Momentum,size_balanced:double,1990-12,2015-06,295,0.017665838781123266,0.019061595111627305,-0.0013957563305040388,0.037622372881355934,0.20238176524510354,0.04775559249938761,-0.6387411030359816,-0.5809621481292239,0.00115793365638435,0.47796610169491527,0.005457316538307511,-0.02271410169491526,0.024134322033898294,0.5006,0.5380167848486122,double,40,14.390163178308168
pre_2015,Value,big_only:gross,1990-12,2015-06,295,0.05131361828356562,0.019061595111627305,0.032252023171938315,0.07144677966101695,0.2089225061895643,0.20776232954275542,-0.5828386376644679,-0.5809621481292239,0.43055318378211943,0.5694915254237288,1.9948706416706479,0.004298542372881354,0.06759061016949154,0.9888,2.421780382943024,gross,0,25.994333764295316
pre_2015,Value,big_only:base,1990-12,2015-06,295,0.04924574217912592,0.019061595111627305,0.030184147067498612,0.0694942372881356,0.20903322625106371,0.19833792776581366,-0.5871102357051796,-0.5809621481292239,0.4053414221970019,0.5661016949152542,1.8797077333728867,0.0023014576271186385,0.06565464406779661,0.9824,2.260104703741218,base,20,25.994333764295316
pre_2015,Value,big_only:double,1990-12,2015-06,295,0.04717775706729754,0.019061595111627305,0.028116161955670238,0.06754169491525425,0.2091610980349015,0.1889080985381161,-0.591346783879463,-0.5809621481292239,0.37996092355707384,0.5661016949152542,1.7641608462497813,0.00027244067796610116,0.06368593220338982,0.9764,2.1057635204218803,double,40,25.994333764295316
pre_2015,Profitability,big_only:gross,1990-12,2015-06,295,0.02018229409398442,0.019061595111627305,0.0011206989823571156,0.03753762711864406,0.18871029264452613,0.05084985722816584,-0.652041694407318,-0.5809621481292239,-0.00033060286483192384,0.49830508474576274,-0.001557290658725665,-0.02130345762711866,0.021670474576271165,0.4898,0.6342887936119166,gross,0,0.916098469967222
pre_2015,Profitability,big_only:base,1990-12,2015-06,295,0.018180411655824402,0.019061595111627305,-0.000881183455802903,0.0355850847457627,0.18877721102108522,0.040514940159516497,-0.6543198610209522,-0.5809621481292239,-0.040073620408269034,0.49491525423728816,-0.1884327288399011,-0.023272983050847455,0.01975403389830507,0.4168,0.5572492558154529,base,20,0.916098469967222
pre_2015,Profitability,big_only:double,1990-12,2015-06,295,0.016178423147815923,0.019061595111627305,-0.0028831719638113817,0.033632542372881345,0.18886316586791985,0.03018435690748653,-0.656588065238964,-0.5809621481292239,-0.07983817134467219,0.4847457627118644,-0.37507679434740493,-0.02520569491525423,0.017720135593220325,0.3444,0.48369650968682376,double,40,0.916098469967222
pre_2015,Momentum,big_only:gross,1990-12,2015-06,295,0.02854978754809645,0.019061595111627305,0.009488192436469145,0.04940745762711864,0.20766565178636906,0.10325788025978823,-0.6653763016940997,-0.5809621481292239,0.1285442098099449,0.535593220338983,0.5325162102129273,-0.026031661016949162,0.053355152542372726,0.6998,0.997740561800736,gross,0,7.724599952355741
pre_2015,Momentum,big_only:base,1990-12,2015-06,295,0.0041484990350195705,0.019061595111627305,-0.014913096076607735,0.02540745762711863,0.20766565178636906,-0.012059457149401771,-0.690004226349059,-0.5809621481292239,-0.13172031931794656,0.48135593220338985,-0.5456737830116007,-0.05003166101694917,0.02935515254237272,0.264,0.10713209954063152,base,20,7.724599952355741
pre_2015,Momentum,big_only:double,1990-12,2015-06,295,-0.0197212482119683,0.019061595111627305,-0.038782843323595606,0.0014074576271186335,0.20766565178636906,-0.12737679455859177,-0.7367637378020131,-0.5809621481292239,-0.39198484844583786,0.43389830508474575,-1.6238637762361283,-0.07403166101694918,0.005355152542372719,0.042,-0.38716428734640096,double,40,7.724599952355741
pre_2015,Value+Momentum,big_only:gross,1990-12,2015-06,295,0.04204414916562116,0.019061595111627305,0.022982554053993853,0.060427118644067794,0.19771679150674554,0.16396788237911306,-0.5064679257211243,-0.5809621481292239,0.4138174766953066,0.535593220338983,1.8241570186283749,0.0009047288135593225,0.04645118644067796,0.9796,1.752329576565526,gross,0,18.602222011017343
pre_2015,Value+Momentum,big_only:base,1990-12,2015-06,295,0.028620078234843582,0.019061595111627305,0.009558483123216277,0.047450847457627114,0.19775364308967963,0.09850182444288658,-0.5263111822018965,-0.5809621481292239,0.1791216816410324,0.4915254237288136,0.7901425240306351,-0.012065644067796623,0.033434237288135576,0.792,1.001099502487953,base,20,18.602222011017343
pre_2015,Value+Momentum,big_only:double,1990-12,2015-06,295,0.015353715694710335,0.019061595111627305,-0.0037078794169169704,0.03447457627118643,0.19779503749896826,0.0330594830832291,-0.5453790418193109,-0.5809621481292239,-0.05573644705915846,0.45084745762711864,-0.24608348891368131,-0.025042169491525438,0.020443067796610162,0.3876,0.4543764282961875,double,40,18.602222011017343
pre_2015,Value+Profitability,big_only:gross,1990-12,2015-06,295,0.03699594204580903,0.019061595111627305,0.017934346934181722,0.05449220338983052,0.19231158854730615,0.1377868878009209,-0.5035736705087219,-0.5809621481292239,0.4153384439541011,0.5491525423728814,2.118746642013886,0.0029608474576271232,0.031733440677966095,0.9928,1.4426016675625384,gross,0,14.549962117100558
pre_2015,Value+Profitability,big_only:base,1990-12,2015-06,295,0.034958877091743945,0.019061595111627305,0.01589728198011664,0.05253966101694916,0.19240456220486724,0.12760148193186896,-0.5067887691298376,-0.5809621481292239,0.3672432394941038,0.5457627118644067,1.873975241082912,0.001015474576271191,0.029786593220338973,0.983,1.32733763626995,base,20,14.549962117100558
pre_2015,Value+Profitability,big_only:double,1990-12,2015-06,295,0.0329217049798769,0.019061595111627305,0.013860109868249593,0.0505871186440678,0.19251618943544022,0.11741461609594255,-0.5099899618940675,-0.5809621481292239,0.3185180711481215,0.5389830508474577,1.6276229256284938,-0.0010010847457627104,0.027815796610169485,0.9642,1.2172959703185269,double,40,14.549962117100558
pre_2015,Profitability+Momentum,big_only:gross,1990-12,2015-06,295,0.025404882920595284,0.019061595111627305,0.006343287808967979,0.043472542372881354,0.1930551811598793,0.08037427936004769,-0.6557290385208288,-0.5809621481292239,0.10203276170092723,0.49830508474576274,0.40618467791846913,-0.01945906779661017,0.0352723220338983,0.6396,0.8528693090566279,gross,0,5.172739632813371
pre_2015,Profitability+Momentum,big_only:base,1990-12,2015-06,295,0.012180661303629492,0.019061595111627305,-0.006880933807997813,0.030496271186440663,0.1930793175765377,0.013323971683536447,-0.669708112581261,-0.5809621481292239,-0.12180518147977992,0.46440677966101696,-0.4847595909701197,-0.03242466101694918,0.02229605084745761,0.2864,0.34666644138231684,base,20,5.172739632813371
pre_2015,Profitability+Momentum,big_only:double,1990-12,2015-06,295,-0.0008880197334136808,0.019061595111627305,-0.019949614845040986,0.017519999999999984,0.19310811109694115,-0.05370814002980688,-0.683585429936409,-0.5809621481292239,-0.34605618748628364,0.43728813559322033,-1.3770999001624,-0.045360101694915264,0.00931977966101692,0.0746,-0.02160341382426656,double,40,5.172739632813371
pre_2015,Value+Profitability+Momentum,big_only:gross,1990-12,2015-06,295,0.03529480675868468,0.019061595111627305,0.016233211647057377,0.05279728813559321,0.19177495716176393,0.12937274887431133,-0.5582871576371109,-0.5809621481292239,0.37079445951950507,0.5389830508474577,1.5773369792384218,-0.0015689152542372909,0.033888033898305074,0.9594,1.3459794650134818,gross,0,13.179789885320453
pre_2015,Value+Profitability+Momentum,big_only:base,1990-12,2015-06,295,0.02571008579515488,0.019061595111627305,0.006648490683527575,0.04349559322033898,0.19182336178646484,0.08098463760165825,-0.5711753167233937,-0.5809621481292239,0.14470111801438423,0.5084745762711864,0.6158232961441864,-0.010856067796610178,0.024586338983050838,0.7302,0.8664744728346323,base,20,13.179789885320453
pre_2015,Value+Profitability+Momentum,big_only:double,1990-12,2015-06,295,0.01620508583631075,0.019061595111627305,-0.0028565092753165544,0.034193898305084736,0.19188009196048567,0.032619619597095736,-0.5836999004685821,-0.5809621481292239,-0.0818463316272084,0.4576271186440678,-0.3486979609758943,-0.0201913220338983,0.01528464406779659,0.3368,0.4846538231961437,double,40,13.179789885320453
primary,Value,size_balanced:gross,2015-07,2026-06,132,0.10139914335721456,0.08227459494587364,0.019124548411340925,0.10772272727272729,0.14701466417791423,0.5950860672288476,-0.2818615573147699,-0.289266420163236,0.27935806333559143,0.5,0.9294758855054192,-0.024609204545454535,0.05845045454545454,0.8056,1.8932907459854547,gross,0,14.690963350141063
primary,Value,size_balanced:base,2015-07,2026-06,132,0.0992447943684498,0.08227459494587364,0.01697019942257616,0.10572272727272727,0.14682384949678584,0.5821901159481438,-0.2847265211180723,-0.289266420163236,0.24891930926083455,0.5,0.8260391288314045,-0.02660920454545454,0.05645045454545454,0.7798,1.8316436211133316,base,20,14.690963350141063
primary,Value,size_balanced:double,2015-07,2026-06,132,0.09709043994300726,0.08227459494587364,0.01481584499713362,0.1037227272727273,0.14665798100254157,0.5691623955434738,-0.28758575885885984,-0.289266420163236,0.2182284027516742,0.5,0.7226266487028519,-0.028609204545454545,0.05445045454545455,0.755,1.7711927676672916,double,40,14.690963350141063
primary,Profitability,size_balanced:gross,2015-07,2026-06,132,0.07129714440345003,0.08227459494587364,-0.010977450542423606,0.08068181818181817,0.15223432035139833,0.3948106968953076,-0.3311367958338134,-0.289266420163236,-0.1923901791815256,0.5227272727272727,-0.5492493147319566,-0.04065090909090909,0.019611136363636338,0.2824,1.133091180543473,gross,0,-8.53977696589448
primary,Profitability,size_balanced:base,2015-07,2026-06,132,0.06919428514777404,0.08227459494587364,-0.013080309798099599,0.07868181818181816,0.15207199897747398,0.38207555030446355,-0.33238072963363885,-0.289266420163236,-0.23604327192757757,0.5227272727272727,-0.6772467810248142,-0.042650909090909093,0.017611136363636343,0.2384,1.0874828521616227,base,20,-8.53977696589448
primary,Profitability,size_balanced:double,2015-07,2026-06,132,0.0670914218389731,0.08227459494587364,-0.015183173106900538,0.07668181818181817,0.15193382364086883,0.3692541620726487,-0.3336246634334643,-0.289266420163236,-0.27924685416654943,0.5151515151515151,-0.8061524648636398,-0.044650909090909095,0.015611136363636344,0.1962,1.0427626835634412,double,40,-8.53977696589448
primary,Momentum,size_balanced:gross,2015-07,2026-06,132,0.08614146768570818,0.08227459494587364,0.003866872739834548,0.09579999999999998,0.16053437338516613,0.46975742381697155,-0.3079617699364129,-0.289266420163236,0.10164042256788616,0.5378787878787878,0.353041550209117,-0.02714647727272727,0.03782738636363636,0.6402,1.4817060753098454,gross,0,2.988965419423624
primary,Momentum,size_balanced:base,2015-07,2026-06,132,0.06050634488744078,0.08227459494587364,-0.02176825005843286,0.07179999999999997,0.16053437338516613,0.3197985847750362,-0.3601750898807953,-0.289266420163236,-0.28668188651926235,0.4772727272727273,-0.9957713188966268,-0.051146477272727274,0.013827386363636354,0.132,0.908297068489146,base,20,2.988965419423624
primary,Momentum,size_balanced:double,2015-07,2026-06,132,0.035426827809972083,0.08227459494587364,-0.04684776713590155,0.04779999999999998,0.16053437338516613,0.1698397457331009,-0.42861081931969436,-0.289266420163236,-0.6750041956064108,0.4166666666666667,-2.3445841880023703,-0.07514647727272729,-0.010172613636363648,0.0038,0.4666063009728232,double,40,2.988965419423624
primary,Value+Momentum,size_balanced:gross,2015-07,2026-06,132,0.09498922849030755,0.08227459494587364,0.012714633544433918,0.10176136363636364,0.1461582770656718,0.5574316942786136,-0.26699940346836837,-0.289266420163236,0.29666942639962196,0.5151515151515151,1.0446444595974267,-0.01559039772727272,0.03757306818181816,0.8208,1.7133656143989673,gross,0,9.793298860419457
primary,Value+Momentum,size_balanced:base,2015-07,2026-06,132,0.08094340914473652,0.08227459494587364,-0.0013311858011371136,0.08876136363636362,0.146093252820557,0.46833749864858465,-0.29877554224405145,-0.289266420163236,-0.018313353848762707,0.5,-0.06442090965688405,-0.028590397727272735,0.024573068181818165,0.4994,1.354141352938787,base,20,9.793298860419457
primary,Value+Momentum,size_balanced:double,2015-07,2026-06,132,0.06706196927613561,0.08227459494587364,-0.015212625669738022,0.07576136363636361,0.14603452472898645,0.37914598267788335,-0.3405618855201601,-0.289266420163236,-0.33224596988257843,0.4696969696969697,-1.1678597099907366,-0.04159039772727273,0.011573068181818164,0.1548,1.0421425687158683,double,40,9.793298860419457
primary,Value+Profitability,size_balanced:gross,2015-07,2026-06,132,0.08731758082731056,0.08227459494587364,0.005042985881436923,0.09420227272727275,0.14279414258314246,0.5167062270156433,-0.2739801498930867,-0.289266420163236,0.13671288675713458,0.5833333333333334,0.48398984668420547,-0.015505227272727278,0.024666420454545448,0.6736,1.5114267289589804,gross,0,3.8970142613290597
primary,Value+Profitability,size_balanced:base,2015-07,2026-06,132,0.0851874316975687,0.08227459494587364,0.0029128367516950693,0.09220227272727274,0.1426093794074784,0.5033220453574128,-0.2753567518083444,-0.289266420163236,0.07851592063517188,0.553030303030303,0.27851246698504994,-0.017505227272727276,0.02266642045454545,0.6006,1.4578326425747177,base,20,3.8970142613290597
primary,Value+Profitability,size_balanced:double,2015-07,2026-06,132,0.0830572786002679,0.08227459494587364,0.0007826836543942672,0.09020227272727274,0.14245031536256603,0.4898138335210598,-0.27673335372360197,-0.289266420163236,0.019993103825906612,0.553030303030303,0.07116059577064907,-0.01950522727272728,0.020666420454545444,0.5276,1.4052802141400602,double,40,3.8970142613290597
primary,Profitability+Momentum,size_balanced:gross,2015-07,2026-06,132,0.0792075688781757,0.08227459494587364,-0.003067026067697931,0.08824090909090908,0.15316807553563302,0.4423814421517955,-0.3083926582130655,-0.289266420163236,-0.0289110818834889,0.5075757575757576,-0.09931674682441398,-0.02291494318181819,0.021148863636363622,0.4314,1.3128890921762184,gross,0,-2.3778976566692784
primary,Profitability+Momentum,size_balanced:base,2015-07,2026-06,132,0.0653455531279683,0.08227459494587364,-0.016929041817905333,0.07524090909090908,0.15311147654171964,0.3574708475303372,-0.3206151822446883,-0.289266420163236,-0.3226378784535197,0.49242424242424243,-1.1113330861081456,-0.035914943181818204,0.008148863636363609,0.1018,1.0062981452117548,base,20,-2.3778976566692784
primary,Profitability+Momentum,size_balanced:double,2015-07,2026-06,132,0.05164597955404959,0.08227459494587364,-0.030628615391824043,0.0622409090909091,0.15306089135545378,0.27248571826733126,-0.3363143144082693,-0.289266420163236,-0.6151183264160489,0.4621212121212121,-2.124969596299582,-0.0489149431818182,-0.004851136363636387,0.0104,0.7400640097693538,double,40,-2.3778976566692784
primary,Value+Profitability+Momentum,size_balanced:gross,2015-07,2026-06,132,0.08746874075388833,0.08227459494587364,0.005194145808014694,0.09473484848484848,0.14540808058022794,0.5112339908989353,-0.277516934479497,-0.289266420163236,0.16370197432011843,0.5378787878787878,0.6251836774943966,-0.012168901515151511,0.022397348484848475,0.7164,1.5152699499743028,gross,0,4.013429590281954
primary,Value+Profitability+Momentum,size_balanced:base,2015-07,2026-06,132,0.07743950962286195,0.08227459494587364,-0.00483508532301169,0.08540151515151514,0.14531221970548788,0.44715493488725844,-0.2843466684405418,-0.289266420163236,-0.1289438977893442,0.5227272727272727,-0.4934909255929836,-0.021502234848484843,0.013064015151515142,0.3222,1.2715477343221253,base,20,4.013429590281954
primary,Value+Profitability+Momentum,size_balanced:double,2015-07,2026-06,132,0.06749345151500319,0.08227459494587364,-0.014781143430870447,0.07606818181818181,0.14522760286029252,0.3829601244023541,-0.29371968046263075,-0.289266420163236,-0.41983501374703136,0.49242424242424243,-1.6110871939671274,-0.03083556818181819,0.0037306818181818114,0.0634,1.0512444312002303,double,40,4.013429590281954
primary,Value,big_only:gross,2015-07,2026-06,132,0.09707879139188069,0.08227459494587364,0.014804196446007056,0.10608181818181822,0.1624248703920056,0.5284382903488247,-0.30836420211428905,-0.289266420163236,0.18957573492772606,0.5151515151515151,0.6105929652801124,-0.040809318181818176,0.06917499999999997,0.7366,1.7708691249448498,gross,0,11.39058077180833
primary,Value,big_only:base,2015-07,2026-06,132,0.09492527089076463,0.08227459494587364,0.012650675944890999,0.10408181818181819,0.16229163379460573,0.5165032269619444,-0.3125901900981929,-0.289266420163236,0.16663929023695542,0.5151515151515151,0.5357235972431644,-0.04280931818181818,0.06717499999999996,0.7164,1.7116227785678686,base,20,11.39058077180833
primary,Value,big_only:double,2015-07,2026-06,132,0.09277174367967245,0.08227459494587364,0.010497148733798811,0.10208181818181819,0.1621810703829584,0.504477056681026,-0.3167989353665892,-0.289266420163236,0.14364604274176374,0.5151515151515151,0.46107217004468987,-0.04480931818181818,0.06517499999999994,0.6922,1.6535301341708735,double,40,11.39058077180833
primary,Profitability,big_only:gross,2015-07,2026-06,132,0.07789300940157551,0.08227459494587364,-0.004381585544298128,0.08598181818181819,0.1468132946421811,0.4465613123813648,-0.31328053183044413,-0.289266420163236,-0.07685159161958684,0.48484848484848486,-0.3280489025255504,-0.023437499999999997,0.01615454545454545,0.35,1.282087062092037,gross,0,-3.399305652572616
primary,Profitability,big_only:base,2015-07,2026-06,132,0.07577827189008457,0.08227459494587364,-0.006496323055789066,0.0839818181818182,0.14664273447837411,0.43340804777241143,-0.31455459392352336,-0.289266420163236,-0.12038876161198647,0.4696969696969697,-0.5160423307510749,-0.025437499999999995,0.014154545454545451,0.2816,1.2333174111562983,base,20,-3.399305652572616
primary,Profitability,big_only:double,2015-07,2026-06,132,0.0736635299166648,0.08227459494587364,-0.008611065029208831,0.0819818181818182,0.14649719785673404,0.42015150984827004,-0.31582865601660215,-0.289266420163236,-0.1636931766317949,0.4696969696969697,-0.704849489848044,-0.027437499999999993,0.012154545454545449,0.2166,1.1854969977498784,double,40,-3.399305652572616
primary,Momentum,big_only:gross,2015-07,2026-06,132,0.09372557985670116,0.08227459494587364,0.011450984910827522,0.10300000000000001,0.16277838538359937,0.5079893211615601,-0.3024930496151713,-0.289266420163236,0.186031427997698,0.5075757575757576,0.6336065586103736,-0.021472727272727272,0.05213818181818179,0.7522,1.6791193666094917,gross,0,8.822989049066445
primary,Momentum,big_only:base,2015-07,2026-06,132,0.0679261994545517,0.08227459494587364,-0.014348395491321941,0.07899999999999999,0.16277838538359937,0.35999861184060233,-0.3317154147906376,-0.289266420163236,-0.14513712892335584,0.4621212121212121,-0.49432419980593556,-0.04547272727272727,0.02813818181818178,0.268,1.0604100196823332,base,20,8.822989049066445
primary,Momentum,big_only:double,2015-07,2026-06,132,0.04268566591570755,0.08227459494587364,-0.03958892903016609,0.055,0.16277838538359937,0.21200790251964471,-0.35976953060570727,-0.289266420163236,-0.47630568584440947,0.4166666666666667,-1.622254958222245,-0.06947272727272727,0.00413818181818178,0.0398,0.583752944721283,double,40,8.822989049066445
primary,Value+Momentum,big_only:gross,2015-07,2026-06,132,0.09778415589475453,0.08227459494587364,0.015509560948880896,0.10454090909090909,0.14820022075554298,0.5690231591612926,-0.23430280050768093,-0.289266420163236,0.33873077507641114,0.5227272727272727,1.062452197441335,-0.01389636363636364,0.04426840909090909,0.8416,1.7905290143984844,gross,0,11.93195256432942
primary,Value+Momentum,big_only:base,2015-07,2026-06,132,0.08370093899382769,0.08227459494587364,0.0014263440479540535,0.09154090909090909,0.1481641010901055,0.48099956402687055,-0.2556808120604803,-0.289266420163236,0.0454579280939975,0.4696969696969697,0.14235524961026,-0.02689636363636364,0.03126840909090909,0.5654,1.4210510464220918,base,20,11.93195256432942
primary,Value+Momentum,big_only:double,2015-07,2026-06,132,0.06978254136561346,0.08227459494587364,-0.012492053580260176,0.07854090909090909,0.1481342080679902,0.3929151314135561,-0.2773546399734138,-0.289266420163236,-0.2457770990265967,0.44696969696969696,-0.7686687260233657,-0.03989636363636366,0.018268409090909078,0.2328,1.1001512164243614,double,40,11.93195256432942
primary,Value+Profitability,big_only:gross,2015-07,2026-06,132,0.08938201265385048,0.08227459494587364,0.007107417707976849,0.09603181818181819,0.14258530482357154,0.5312281542224605,-0.25698862739432005,-0.289266420163236,0.1851065816091042,0.5303030303030303,0.5500214645461201,-0.01963022727272727,0.029323181818181814,0.7084,1.5643789395882313,gross,0,5.487605368260443
primary,Value+Profitability,big_only:base,2015-07,2026-06,132,0.08724480560634262,0.08227459494587364,0.004970210660468988,0.09403181818181819,0.1424215964535001,0.5177446418073727,-0.258403146213235,-0.289266420163236,0.12822813674333883,0.5151515151515151,0.3797635210202867,-0.021630227272727273,0.02732318181818181,0.6524,1.5095783331039772,base,20,5.487605368260443
primary,Value+Profitability,big_only:double,2015-07,2026-06,132,0.08510759425168835,0.08227459494587364,0.0028329993058147096,0.09203181818181819,0.14228366889447838,0.5041373926759611,-0.25981766503215054,-0.289266420163236,0.07117498725303124,0.5151515151515151,0.21048918772480507,-0.02363022727272727,0.025323181818181807,0.5994,1.4558443187210477,double,40,5.487605368260443
primary,Profitability+Momentum,big_only:gross,2015-07,2026-06,132,0.08653246457814401,0.08227459494587364,0.004257869632270372,0.09449090909090907,0.15012747481840374,0.49385905003090064,-0.29558855905353487,-0.289266420163236,0.10607929576470486,0.5454545454545454,0.40292781805362876,-0.016140909090909095,0.027429431818181797,0.6552,1.4915509860404348,gross,0,3.291131189836994
primary,Profitability+Momentum,big_only:base,2015-07,2026-06,132,0.07258218461610233,0.08227459494587364,-0.009692410329771306,0.08149090909090907,0.15008616581361817,0.40706521280321895,-0.3118406415764393,-0.289266420163236,-0.1707997265847174,0.5,-0.6485099001740305,-0.0291409090909091,0.01442943181818179,0.2206,1.1614060886260917,base,20,3.291131189836994
primary,Profitability+Momentum,big_only:double,2015-07,2026-06,132,0.058795304257333036,0.08227459494587364,-0.0234792906885406,0.0684909090909091,0.1500510012301138,0.3202092453035062,-0.32773632113642504,-0.289266420163236,-0.44607755777467617,0.4393939393939394,-1.6933210357375434,-0.042140909090909104,0.001429431818181779,0.0322,0.8747012630172941,double,40,3.291131189836994
primary,Value+Profitability+Momentum,big_only:gross,2015-07,2026-06,132,0.09178871878031791,0.08227459494587364,0.009514123834444277,0.09835454545454544,0.14333168540225089,0.5447993557775702,-0.26072414841644287,-0.289266420163236,0.32612346386270297,0.5227272727272727,1.0278916990815499,-0.009197803030303027,0.026479924242424218,0.8314,1.627390514850073,gross,0,7.338315431481036
primary,Value+Profitability+Momentum,big_only:base,2015-07,2026-06,132,0.08171940496045016,0.08227459494587364,-0.0005551899854234765,0.08902121212121211,0.143259674059316,0.4796349236208029,-0.26770559836849506,-0.289266420163236,-0.018205691554045996,0.4772727272727273,-0.05723174807622437,-0.01853113636363636,0.017146590909090882,0.481,1.372798321300082,base,20,7.338315431481036
primary,Value+Profitability+Momentum,big_only:double,2015-07,2026-06,132,0.07173358573812849,0.08227459494587364,-0.010541009207745144,0.07968787878787878,0.14319909399857955,0.4143701136421607,-0.2746275672875408,-0.289266420163236,-0.3567132912620929,0.4393939393939394,-1.1199051794348305,-0.02786446969696969,0.007813257575757555,0.137,1.1426697986985386,double,40,7.338315431481036
recent,Value,size_balanced:gross,2020-01,2026-06,78,0.12594804765850331,0.09277422286130355,0.03317382479719977,0.1317923076923077,0.1593874813647051,0.6596529306194638,-0.2152611904388989,-0.2892664201632361,0.3975112441228358,0.5512820512820513,1.0868353075991826,-0.040138653846153845,0.08384673076923074,0.829,1.1620677030603521,gross,0,25.111170664175063
recent,Value,size_balanced:base,2020-01,2026-06,78,0.12391379273884473,0.09277422286130355,0.031139569877541184,0.12994615384615385,0.15925275553300527,0.6485530942675864,-0.21677876694162768,-0.2892664201632361,0.3738110587805314,0.5512820512820513,1.0186077289223092,-0.04167711538461539,0.08181884615384609,0.817,1.136803104980312,base,20,25.111170664175063
recent,Value,size_balanced:double,2020-01,2026-06,78,0.12187922506678328,0.09277422286130355,0.029105002205479735,0.1281,0.15913961219266298,0.6373465877686668,-0.21829634344435644,-0.2892664201632361,0.34987168033995447,0.5512820512820513,0.9504426432887046,-0.04369326923076925,0.07995423076923074,0.804,1.1117849377954085,double,40,25.111170664175063
recent,Profitability,size_balanced:gross,2020-01,2026-06,78,0.050411053908693715,0.09277422286130355,-0.04236316895260983,0.06368461538461537,0.17021591191287516,0.21418440617756665,-0.33113679583381317,-0.2892664201632361,-0.7692544941390294,0.4230769230769231,-1.7108039499768484,-0.08166596153846153,0.003108076923076913,0.0344,0.3766874135716951,gross,0,-33.09825729790912
recent,Profitability,size_balanced:base,2020-01,2026-06,78,0.04850012373579249,0.09277422286130355,-0.04427409912551106,0.06183846153846152,0.17010359106528788,0.20344533556142835,-0.3323807296336386,-0.2892664201632361,-0.8078156918961602,0.4230769230769231,-1.8101880113267483,-0.08319692307692307,0.0010286538461537664,0.0284,0.3604893904229811,base,20,-33.09825729790912
recent,Profitability,size_balanced:double,2020-01,2026-06,78,0.046588897531646634,0.09277422286130355,-0.04618532532965691,0.05999230769230768,0.17001150494359732,0.19266888235805504,-0.3336246634334643,-0.2892664201632361,-0.8452122477798522,0.41025641025641024,-1.9103624822800187,-0.08473423076923076,-0.0008759615384615513,0.0238,0.3444504524301759,double,40,-33.09825729790912
recent,Momentum,size_balanced:gross,2020-01,2026-06,78,0.09404418337305565,0.09277422286130355,0.0012699605117520996,0.10571538461538461,0.17698265391053097,0.44514215274406416,-0.3079617699364131,-0.2892664201632361,0.0782020550639421,0.5,0.1988558875660706,-0.039963076923076934,0.04669326923076919,0.5954,0.7936041483012284,gross,0,0.9738534812353192
recent,Momentum,size_balanced:base,2020-01,2026-06,78,0.06823248410059102,0.09277422286130355,-0.024541738760712528,0.08171538461538458,0.17698265391053097,0.3088607753952779,-0.3369672820874723,-0.2892664201632361,-0.336043126259487,0.4230769230769231,-0.8545063691506377,-0.06396307692307693,0.02269326923076919,0.1916,0.5357749250852544,base,20,0.9738534812353192
recent,Momentum,size_balanced:double,2020-01,2026-06,78,0.042979980339237445,0.09277422286130355,-0.0497942425220661,0.05771538461538459,0.17698265391053097,0.17257939804649158,-0.3648127293144894,-0.2892664201632361,-0.7502883075829159,0.3717948717948718,-1.9078686258673458,-0.08796307692307692,-0.0013067307692308087,0.02,0.31460058248607403,double,40,0.9738534812353192
recent,Value+Momentum,size_balanced:gross,2020-01,2026-06,78,0.11123075781912273,0.09277422286130355,0.018456534957819182,0.11875384615384613,0.16073796843155788,0.5723338062757583,-0.24993564273895064,-0.2892664201632361,0.3819596280189842,0.5384615384615384,1.1005342447152286,-0.017217788461538465,0.04827740384615383,0.8442,0.9848498070767804,gross,0,14.055358987911871
recent,Value+Momentum,size_balanced:base,2020-01,2026-06,78,0.09707396372753951,0.09277422286130355,0.004299740866235968,0.1058307692307692,0.16068678833698166,0.49159782307587746,-0.2598221351884784,-0.2892664201632361,0.1009934967278328,0.5384615384615384,0.2902817608182089,-0.030144711538461558,0.035317019230769194,0.6276,0.8261372018210107,base,20,14.055358987911871
recent,Value+Momentum,size_balanced:double,2020-01,2026-06,78,0.08308176319403304,0.09277422286130355,-0.009692459667270503,0.09290769230769229,0.16064096510644374,0.4107956283133209,-0.26958958765323515,-0.2892664201632361,-0.17981539706167995,0.48717948717948717,-0.515667175745392,-0.043179230769230775,0.022393942307692268,0.3338,0.6799566739333973,double,40,14.055358987911871
recent,Value+Profitability,size_balanced:gross,2020-01,2026-06,78,0.0889070625104107,0.09277422286130355,-0.003867160350892851,0.09773846153846154,0.1570452118863341,0.4505547338591966,-0.2739801498930866,-0.2892664201632361,-0.08543958949534243,0.5384615384615384,-0.24554532198918153,-0.039688653846153846,0.025238749999999994,0.449,0.7395635330763208,gross,0,-2.9726855545936757
recent,Value+Profitability,size_balanced:base,2020-01,2026-06,78,0.08693336318444955,0.09277422286130355,-0.005840859676853993,0.09589230769230772,0.1569159697208877,0.439108425912045,-0.2753567518083444,-0.2892664201632361,-0.13147010445214144,0.5256410256410257,-0.37894147014963037,-0.04139009615384615,0.02321259615384614,0.4104,0.7191706055851943,base,20,-2.9726855545936757
recent,Value+Profitability,size_balanced:double,2020-01,2026-06,78,0.08495936016043126,0.09277422286130355,-0.007814862700872283,0.09404615384615385,0.15680864014898738,0.42758264760163534,-0.27673335372360186,-0.2892664201632361,-0.17730475002962406,0.5256410256410257,-0.5129962096226462,-0.04312461538461539,0.02129240384615384,0.363,0.6989772398804586,double,40,-2.9726855545936757
recent,Profitability+Momentum,size_balanced:gross,2020-01,2026-06,78,0.07268774126314947,0.09277422286130355,-0.02008648159815407,0.08469999999999997,0.16969403539709535,0.33948404249262915,-0.3083926582130653,-0.2892664201632361,-0.42359604947365254,0.4358974358974359,-1.1060510000713022,-0.03943894230769232,0.007279230769230737,0.0902,0.5778894186875478,gross,0,-15.544128027763989
recent,Profitability+Momentum,size_balanced:base,2020-01,2026-06,78,0.058979668041324596,0.09277422286130355,-0.03379455481997895,0.07177692307692307,0.16964902335078771,0.26309234858562464,-0.3206151822446882,-0.2892664201632361,-0.7552224448765159,0.41025641025641024,-1.980830866763955,-0.0522658653846154,-0.005645865384615399,0.0064,0.4513412617668575,base,20,-15.544128027763989
recent,Profitability+Momentum,size_balanced:double,2020-01,2026-06,78,0.04543145962009665,0.09277422286130355,-0.0473427632412069,0.058853846153846145,0.16960908841252545,0.1866539278668471,-0.3363143144082694,-0.2892664201632361,-1.085836616184952,0.38461538461538464,-2.8616749608979113,-0.06513865384615387,-0.018567403846153883,0.0,0.33481528830504126,double,40,-15.544128027763989
recent,Value+Profitability+Momentum,size_balanced:gross,2020-01,2026-06,78,0.09120946223236559,0.09277422286130355,-0.0015647606289379556,0.10039743589743588,0.16037565249396463,0.45798128552973943,-0.277516934479497,-0.2892664201632361,-0.024400874140177175,0.5256410256410257,-0.07858062603245675,-0.02056711538461539,0.01846448717948717,0.4736,0.7636110085207135,gross,0,-1.2016129312280526
recent,Value+Profitability+Momentum,size_balanced:base,2020-01,2026-06,78,0.08125450268214851,0.09277422286130355,-0.011519720179155035,0.09116666666666666,0.16030356441248508,0.40031163146117293,-0.2843466684405419,-0.2892664201632361,-0.3105856297030988,0.5,-1.0030730936628962,-0.029630833333333335,0.0091482692307692,0.1658,0.6616193406822493,base,20,-1.2016129312280526
recent,Value+Profitability+Momentum,size_balanced:double,2020-01,2026-06,78,0.07138128105016683,0.09277422286130355,-0.021392941811136712,0.08193589743589744,0.16024102016930478,0.3425686920915635,-0.291118135068848,-0.2892664201632361,-0.5959852567055453,0.47435897435897434,-1.9310040989245814,-0.03870455128205129,-0.00016391025641027105,0.0244,0.5654397318944346,double,40,-1.2016129312280526
recent,Value,big_only:gross,2020-01,2026-06,78,0.1433580255956608,0.09277422286130355,0.05058380273435725,0.1496923076923077,0.17428061059329358,0.7057719819672296,-0.21002525765986724,-0.2892664201632361,0.49141161069873357,0.5897435897435898,1.3069385127121007,-0.035015769230769246,0.10980269230769228,0.8876,1.3888263981667466,gross,0,38.01212323008304
recent,Value,big_only:base,2020-01,2026-06,78,0.14128341659852817,0.09277422286130355,0.04850919373722462,0.14784615384615385,0.17421708230891644,0.6953821727806351,-0.2116920468619773,-0.2892664201632361,0.4724175288760141,0.5897435897435898,1.2529197774841088,-0.036910384615384616,0.10798576923076918,0.8796,1.3607923773215922,base,20,38.01212323008304
recent,Value,big_only:double,2020-01,2026-06,78,0.13920848599384716,0.09277422286130355,0.04643426313254362,0.14600000000000002,0.17417335445640758,0.6849059702564892,-0.21335883606408756,-0.2892664201632361,0.4532868367992895,0.5897435897435898,1.1990638081715603,-0.038712307692307685,0.10606269230769229,0.8724,1.3330329578297406,double,40,38.01212323008304
recent,Profitability,big_only:gross,2020-01,2026-06,78,0.08603264876107519,0.09277422286130355,-0.006741574100228354,0.09632307692307693,0.1651741151986846,0.4194698578110069,-0.31328053183044424,-0.2892664201632361,-0.09119496119789147,0.5384615384615384,-0.3292644694598687,-0.03221807692307692,0.022676923076923074,0.3568,0.7099315636261343,gross,0,-5.188004318128388
recent,Profitability,big_only:base,2020-01,2026-06,78,0.08405896864804041,0.09277422286130355,-0.008715254213263135,0.09447692307692308,0.16507558290652216,0.40849351827287783,-0.31455459392352336,-0.2892664201632361,-0.1257899879083877,0.5256410256410257,-0.45673573935004047,-0.034030769230769226,0.02072538461538458,0.305,0.6898334170570746,base,20,-5.188004318128388
recent,Profitability,big_only:double,2020-01,2026-06,78,0.0820849824937866,0.09277422286130355,-0.01068924036751695,0.09263076923076922,0.16499791788714457,0.39745320412144997,-0.31582865601660226,-0.2892664201632361,-0.16017100463869213,0.5256410256410257,-0.584903607608469,-0.03567769230769231,0.01873923076923075,0.26,0.6699324491658154,double,40,-5.188004318128388
recent,Momentum,big_only:gross,2020-01,2026-06,78,0.12457727139354069,0.09277422286130355,0.031803048532237144,0.13412307692307696,0.18205408007492738,0.589211284727468,-0.302493049615171,-0.2892664201632361,0.43146817461732423,0.5384615384615384,1.058193377465939,-0.025016153846153858,0.10634115384615382,0.8378,1.1450156337618314,gross,0,24.080341882287033
recent,Momentum,big_only:base,2020-01,2026-06,78,0.0981044743387991,0.09277422286130355,0.005330251477495551,0.1101230769230769,0.18205408007492738,0.45680425445163236,-0.33171541479063804,-0.2892664201632361,0.11708687970698968,0.48717948717948717,0.2871603700643202,-0.04901615384615387,0.08234115384615381,0.5904,0.8373157473159407,base,20,24.080341882287033
recent,Momentum,big_only:double,2020-01,2026-06,78,0.07220390984857716,0.09277422286130355,-0.020570313012726382,0.08612307692307691,0.18205408007492738,0.32439722417579686,-0.35976953060570727,-0.2892664201632361,-0.19729441520334473,0.4230769230769231,-0.48387263733729813,-0.07301615384615387,0.058341153846153786,0.3232,0.5732690991938345,double,40,24.080341882287033
recent,Value+Momentum,big_only:gross,2020-01,2026-06,78,0.13663746639083652,0.09277422286130355,0.04386324352953297,0.1419076923076923,0.1634474698018155,0.7050226659026737,-0.23402585028861156,-0.2892664201632361,0.7776596391730118,0.6025641025641025,2.081411326158488,0.007437499999999992,0.0740476923076923,0.9926,1.2990202039356928,gross,0,33.05682173444121
recent,Value+Momentum,big_only:base,2020-01,2026-06,78,0.12217854769779324,0.09277422286130355,0.029404324836489693,0.12898461538461534,0.16342689530762708,0.6255894403938673,-0.2441120766968693,-0.2892664201632361,0.5298770725541265,0.5641025641025641,1.4125211290244086,-0.005523461538461551,0.0610780769230769,0.9484,1.115449947684489,base,20,33.05682173444121
recent,Value+Momentum,big_only:double,2020-01,2026-06,78,0.10788746511728342,0.09277422286130355,0.015113242255979875,0.11606153846153844,0.1634116002886304,0.5461178942478009,-0.2540770048822203,-0.2892664201632361,0.2829386332669343,0.5384615384615384,0.7513736456408159,-0.018409038461538484,0.04821769230769225,0.8132,0.946353482640828,double,40,33.05682173444121
recent,Value+Profitability,big_only:gross,2020-01,2026-06,78,0.11691529405998224,0.09277422286130355,0.0241410711986787,0.12300769230769232,0.15513331299305058,0.6202548537432594,-0.25698862739432027,-0.2892664201632361,0.5577177773201436,0.6025641025641025,1.3360216868931352,-0.014477307692307694,0.04837153846153843,0.8986,1.0517835608723338,gross,0,18.342669151121417
recent,Value+Profitability,big_only:base,2020-01,2026-06,78,0.11488790946476524,0.09277422286130355,0.02211368660346169,0.12116153846153849,0.15504517064410597,0.6086393555301958,-0.258403146213235,-0.2892664201632361,0.5094026065070535,0.5769230769230769,1.2149367643881686,-0.016327115384615388,0.046354038461538453,0.8816,1.0276959663141807,base,20,18.342669151121417
recent,Value+Profitability,big_only:double,2020-01,2026-06,78,0.11286021235175592,0.09277422286130355,0.02008598949045237,0.11931538461538463,0.15497925724052616,0.5969238204331946,-0.25981766503215054,-0.2892664201632361,0.4602763289607301,0.5769230769230769,1.094473536023629,-0.018101730769230766,0.04442403846153846,0.8618,1.0038444265024626,double,40,18.342669151121417
recent,Profitability+Momentum,big_only:gross,2020-01,2026-06,78,0.10607094918248783,0.09277422286130355,0.013296726321184282,0.11522307692307693,0.16841154241138764,0.5243128740190257,-0.29558855905353487,-0.2892664201632361,0.2816590251152228,0.5769230769230769,0.8247614680483405,-0.016532692307692314,0.053223269230769234,0.7778,0.9257034461525178,gross,0,10.14673414280921
recent,Profitability+Momentum,big_only:base,2020-01,2026-06,78,0.09196927915632047,0.09277422286130355,-0.0008049437049830743,0.10230000000000002,0.16838385356932872,0.4473031445772444,-0.3118406415764393,-0.2892664201632361,0.02234352969041735,0.5128205128205128,0.06534686739183732,-0.029531153846153863,0.0404851923076923,0.5008,0.7716084058965047,base,20,10.14673414280921
recent,Profitability+Momentum,big_only:double,2020-01,2026-06,78,0.07803166798054084,0.09277422286130355,-0.014742554880762704,0.08937692307692308,0.16836128694583544,0.37025626157010594,-0.32773632113642504,-0.2892664201632361,-0.23608442324824627,0.47435897435897434,-0.6897144024216012,-0.04255442307692309,0.027741538461538397,0.258,0.6296895169793373,double,40,10.14673414280921
recent,Value+Profitability+Momentum,big_only:gross,2020-01,2026-06,78,0.12049954275235963,0.09277422286130355,0.02772531989105609,0.1267128205128205,0.15838615384784657,0.6309837271549457,-0.260724148416443,-0.2892664201632361,0.8250373860027543,0.6282051282051282,2.2174163658987216,0.008204871794871772,0.043528717948717925,0.9988,1.0949610057563608,gross,0,21.034195211952593
recent,Value+Profitability+Momentum,big_only:base,2020-01,2026-06,78,0.11029476483171519,0.09277422286130355,0.01752054197041164,0.11748205128205126,0.15834444903407424,0.5725351317779137,-0.2677055983684947,-0.2892664201632361,0.5240989408982784,0.6025641025641025,1.397127554085302,-0.001123974358974364,0.03442602564102562,0.9638,0.9740079548736227,base,20,21.034195211952593
recent,Value+Profitability+Momentum,big_only:double,2020-01,2026-06,78,0.10017361516764578,0.09277422286130355,0.007399392306342234,0.10825128205128207,0.15831242617105037,0.514023355579843,-0.27462756728754056,-0.2892664201632361,0.22578192361329763,0.5769230769230769,0.5976097726980979,-0.010548974358974384,0.025210641025641016,0.7842,0.8599358457256618,double,40,21.034195211952593
