Date,M,V,P,Mom
1990-11,-0.13549999999999998,-0.1454,-0.11869999999999999,-0.146
1990-12,0.025299999999999996,-0.0017000000000000001,0.044199999999999996,-0.0519
1991-01,0.017099999999999997,0.011899999999999999,0.0381,0.011899999999999999
1991-02,0.1277,0.151,0.1043,0.0719
1991-03,-0.0376,-0.048499999999999995,-0.0432,-0.036000000000000004
1991-04,0.0271,0.0219,0.0199,0.032
1991-05,-0.0156,-0.024900000000000002,-0.0125,-0.0070999999999999995
1991-06,-0.06670000000000001,-0.0421,-0.0791,-0.051399999999999994
1991-07,0.018799999999999997,0.0339,0.0351,0.0323
1991-08,-0.0678,-0.07730000000000001,-0.061,-0.0345
1991-09,0.0912,0.08929999999999999,0.07730000000000001,0.0676
1991-10,0.0448,0.0311,0.0348,0.0642
1991-11,-0.0813,-0.0906,-0.0787,-0.0593
1991-12,0.028800000000000003,0.0398,0.0347,0.0158
1992-01,-0.0533,-0.0253,-0.0433,-0.0693
1992-02,-0.0694,-0.0764,-0.0725,-0.0593
1992-03,-0.11109999999999999,-0.0998,-0.106,-0.10460000000000001
1992-04,-0.0738,-0.0073,-0.0387,-0.065
1992-05,0.0901,0.0726,0.0821,0.0852
1992-06,-0.08730000000000002,-0.0727,-0.0733,-0.0516
1992-07,-0.0296,-0.0406,-0.0441,-0.0482
1992-08,0.1663,0.1261,0.1285,0.11259999999999999
1992-09,-0.026000000000000002,-0.023700000000000002,-0.0362,-0.025
1992-10,-0.05159999999999999,-0.0409,-0.0509,-0.0373
1992-11,0.020800000000000003,0.018600000000000002,0.0213,0.015300000000000001
1992-12,-0.0075,-0.0012,-0.0059,-0.0040999999999999995
1993-01,-0.0063999999999999994,-0.0088,-0.0032,-0.0039000000000000003
1993-02,0.0457,0.030600000000000002,0.046799999999999994,0.036000000000000004
1993-03,0.161,0.1881,0.19149999999999998,0.11130000000000001
1993-04,0.16920000000000002,0.19390000000000002,0.161,0.1564
1993-05,0.0518,0.0165,0.0109,0.055
1993-06,-0.039400000000000004,-0.0527,-0.053200000000000004,-0.0288
1993-07,0.06949999999999999,0.0765,0.06709999999999999,0.0821
1993-08,0.023999999999999997,0.0332,0.023799999999999998,0.027999999999999997
1993-09,-0.049400000000000006,-0.0483,-0.0438,-0.0697
1993-10,-0.0234,-0.0138,-0.0242,-0.0084
1993-11,-0.15969999999999998,-0.16579999999999998,-0.1286,-0.1734
1993-12,0.0223,0.045700000000000005,0.0199,0.0317
1994-01,0.17120000000000002,0.20129999999999998,0.1671,0.1818
1994-02,0.0409,0.055,0.038900000000000004,0.0483
1994-03,-0.0196,-0.0116,-0.0282,-0.029300000000000003
1994-04,0.0356,0.030899999999999997,0.0233,0.018799999999999997
1994-05,0.0155,0.0414,0.003,0.0147
1994-06,0.0633,0.0718,0.0601,0.068
1994-07,-0.0383,-0.049100000000000005,-0.0352,-0.0489
1994-08,0.0008000000000000004,0.0115,0.0175,0.0091
1994-09,-0.028499999999999998,-0.025099999999999997,-0.0222,-0.026699999999999998
1994-10,0.025800000000000003,0.0415,0.0222,0.0403
1994-11,-0.0618,-0.059500000000000004,-0.0593,-0.0654
1994-12,0.0205,0.0152,0.0138,0.017
1995-01,-0.0643,-0.0834,-0.0815,-0.1
1995-02,-0.05210000000000001,-0.0501,-0.0395,-0.049400000000000006
1995-03,0.09059999999999999,0.1014,0.11960000000000001,0.08349999999999999
1995-04,0.0412,0.023,0.028900000000000002,0.0562
1995-05,-0.0625,-0.07339999999999999,-0.0596,-0.0565
1995-06,-0.0413,-0.0253,-0.009000000000000001,-0.0282
1995-07,0.0635,0.0547,0.037599999999999995,0.0479
1995-08,-0.0261,-0.0233,-0.012,-0.0269
1995-09,-0.0117,-0.0334,0.0029,0.001
1995-10,-0.038500000000000006,-0.0429,-0.0288,-0.0351
1995-11,0.0451,0.0432,0.0146,0.0336
1995-12,0.0484,0.0641,0.0325,0.0271
1996-01,-0.0124,0.0012,-0.011699999999999999,-0.0236
1996-02,-0.014499999999999999,-0.013500000000000002,-0.0043,-0.017
1996-03,0.029900000000000003,0.0273,0.0143,0.031400000000000004
1996-04,0.06839999999999999,0.0762,0.0661,0.056799999999999996
1996-05,-0.0449,-0.037200000000000004,-0.0478,-0.049400000000000006
1996-06,0.0037,0.0207,0.0070999999999999995,0.0098
1996-07,-0.04719999999999999,-0.0473,-0.0362,-0.056299999999999996
1996-08,-0.0431,-0.041100000000000005,-0.044800000000000006,-0.046900000000000004
1996-09,0.0288,0.0334,0.0347,0.036699999999999997
1996-10,-0.06860000000000001,-0.0664,-0.0667,-0.0677
1996-11,0.0063,0.0222,0.0202,0.037599999999999995
1996-12,-0.0706,-0.049100000000000005,-0.0395,-0.0364
1997-01,-0.10729999999999999,-0.09230000000000001,-0.0684,-0.07769999999999999
1997-02,0.0185,0.0029,0.0155,0.020499999999999997
1997-03,-0.036699999999999997,-0.0241,-0.016200000000000003,-0.0144
1997-04,0.019200000000000002,0.0325,0.0225,0.056799999999999996
1997-05,0.1354,0.1013,0.1458,0.1324
1997-06,0.058100000000000006,0.048600000000000004,0.0435,0.041100000000000005
1997-07,-0.040100000000000004,-0.0557,-0.0070999999999999995,0.0365
1997-08,-0.0942,-0.084,-0.1051,-0.11199999999999999
1997-09,-0.0252,-0.0385,-0.0106,0.0368
1997-10,-0.07650000000000001,-0.0962,-0.0637,-0.0719
1997-11,-0.07959999999999999,-0.10640000000000001,-0.0622,-0.0383
1997-12,-0.0764,-0.0973,-0.0581,-0.0262
1998-01,0.10980000000000001,0.129,0.0916,0.0407
1998-02,0.0121,0.0189,0.0038,-0.0143
1998-03,-0.0653,-0.059800000000000006,-0.0584,-0.0449
1998-04,-0.0186,-0.0348,0.0032,0.0019
1998-05,-0.045,-0.0495,-0.0404,-0.0395
1998-06,0.0072,0.013000000000000001,-0.0012,0.0077
1998-07,-0.012299999999999998,-0.0315,0.0132,0.0055000000000000005
1998-08,-0.0883,-0.1056,-0.0748,-0.0645
1998-09,-0.0345,-0.0716,-0.0321,-0.0176
1998-10,0.16440000000000002,0.20550000000000002,0.1276,0.14
1998-11,0.0394,0.049800000000000004,0.0337,-0.003
1998-12,0.031599999999999996,0.0212,0.0397,0.0833
1999-01,0.0114,0.0291,0.0102,0.0021
1999-02,-0.022500000000000003,-0.0339,-0.018000000000000002,-0.0282
1999-03,0.1404,0.1839,0.1437,0.1243
1999-04,0.0504,0.0892,0.0501,0.0571
1999-05,-0.049800000000000004,-0.063,-0.035,-0.054000000000000006
1999-06,0.1087,0.131,0.1209,0.1591
1999-07,0.10319999999999999,0.0944,0.1155,0.1457
1999-08,0.0319,0.08070000000000001,0.029900000000000003,0.10550000000000001
1999-09,0.0721,0.0873,0.0886,0.1121
1999-10,0.066,0.0592,0.0866,0.0984
1999-11,0.07600000000000001,-0.050300000000000004,0.1471,0.20850000000000002
1999-12,0.0405,-0.07719999999999999,0.0574,0.09609999999999999
2000-01,-0.0495,0.0075,-0.07429999999999999,-0.1023
2000-02,-0.0129,-0.0944,-0.003,0.0499
2000-03,0.0657,0.1281,0.0699,-0.0325
2000-04,-0.08629999999999999,-0.0689,-0.083,-0.1155
2000-05,-0.0705,-0.0002,-0.1097,-0.1521
2000-06,0.0632,0.094,0.0601,0.0432
2000-07,-0.118,-0.1099,-0.1114,-0.1381
2000-08,0.06960000000000001,0.053399999999999996,0.0409,0.1175
2000-09,-0.0431,0.006500000000000001,-0.0453,-0.0451
2000-10,-0.0701,-0.029500000000000002,-0.0872,-0.0922
2000-11,-0.025199999999999997,0.009000000000000001,-0.0129,-0.0454
2000-12,-0.0939,-0.045599999999999995,-0.1292,-0.0862
2001-01,-0.0025000000000000005,-0.031200000000000002,0.0139,-0.052300000000000006
2001-02,-0.0514,-0.0015,-0.076,-0.022099999999999998
2001-03,-0.037899999999999996,-0.038,-0.029500000000000002,-0.0383
2001-04,0.0909,0.1216,0.0987,0.1043
2001-05,0.0019000000000000002,0.0132,-0.0192,0.011000000000000001
2001-06,-0.05059999999999999,-0.0167,-0.0731,-0.0089
2001-07,-0.08629999999999999,-0.0447,-0.08869999999999999,-0.0432
2001-08,-0.024,0.031,-0.042199999999999994,-0.0031
2001-09,-0.07410000000000001,-0.073,-0.0426,-0.0652
2001-10,0.0102,-0.0027,0.0040999999999999995,0.0014000000000000002
2001-11,-0.016300000000000002,-0.06709999999999999,-0.030600000000000002,-0.0768
2001-12,-0.0808,-0.07780000000000001,-0.0924,-0.0537
2002-01,-0.07680000000000001,-0.06309999999999999,-0.08439999999999999,-0.092
2002-02,0.0521,0.0706,0.0363,0.033
2002-03,0.0576,0.0155,0.084,0.012
2002-04,0.0536,0.0435,0.0454,0.0587
2002-05,0.07239999999999999,0.1072,0.0724,0.0302
2002-06,-0.046599999999999996,-0.025699999999999997,-0.051399999999999994,-0.024399999999999998
2002-07,-0.0589,-0.0392,-0.054900000000000004,-0.07200000000000001
2002-08,-0.012799999999999999,-0.0197,-0.016200000000000003,-0.0203
2002-09,-0.04800000000000001,-0.0462,-0.0808,-0.047400000000000005
2002-10,-0.0663,-0.0537,-0.047599999999999996,-0.0362
2002-11,0.0315,0.0158,0.050300000000000004,0.041299999999999996
2002-12,-0.0231,-0.0212,-0.0316,-0.0044
2003-01,-0.0331,-0.032400000000000005,-0.0292,-0.042199999999999994
2003-02,0.0155,0.039900000000000005,0.022400000000000003,0.030600000000000002
2003-03,-0.028300000000000002,-0.0176,-0.0248,-0.0218
2003-04,0.0119,0.018600000000000002,0.0366,0.0449
2003-05,0.0462,0.0253,0.0373,0.0137
2003-06,0.0722,0.1012,0.0669,0.06269999999999999
2003-07,0.0354,0.0409,0.0248,0.0184
2003-08,0.0986,0.1308,0.07519999999999999,0.0883
2003-09,0.0756,0.0817,0.0601,0.0758
2003-10,0.0423,0.0649,0.012,0.04650000000000001
2003-11,-0.038,-0.0483,-0.030299999999999997,-0.0862
2003-12,0.06549999999999999,0.0886,0.0533,0.0819
2004-01,0.020499999999999997,0.0123,0.015300000000000001,0.016200000000000003
2004-02,-0.0002000000000000001,0.008,-0.0005,-0.0109
2004-03,0.1512,0.1895,0.122,0.2284
2004-04,-0.0446,-0.0528,-0.049100000000000005,-0.041299999999999996
2004-05,-0.0329,-0.0382,-0.028399999999999998,-0.0588
2004-06,0.0547,0.0557,0.0513,0.051399999999999994
2004-07,-0.0668,-0.051399999999999994,-0.061200000000000004,-0.1045
2004-08,0.011,0.0116,0.015600000000000001,0.0414
2004-09,-0.0307,-0.0147,-0.0298,-0.0535
2004-10,0.0249,0.0245,0.0187,0.0184
2004-11,0.0396,0.043899999999999995,0.024700000000000003,0.0322
2004-12,0.0519,0.0584,0.0398,0.059000000000000004
2005-01,-0.0104,0.0001,-0.0166,0.006999999999999999
2005-02,0.0187,0.0226,0.022099999999999998,-0.0011
2005-03,-0.013000000000000001,0.0070999999999999995,-0.0171,-0.011699999999999999
2005-04,-0.0196,-0.011000000000000001,-0.0263,-0.0074
2005-05,-0.0237,-0.02,-0.0233,-0.023700000000000002
2005-06,0.009600000000000001,0.0172,0.009899999999999999,0.022099999999999998
2005-07,0.009,0.0075,0.0103,0.026000000000000002
2005-08,0.0697,0.053,0.0709,0.0825
2005-09,0.0822,0.0736,0.08900000000000001,0.1002
2005-10,-0.0007999999999999995,0.0226,-0.0163,0.0226
2005-11,0.032400000000000005,-0.0037,0.03,0.0253
2005-12,0.09769999999999998,0.052300000000000006,0.09050000000000001,0.1165
2006-01,0.038900000000000004,0.0436,0.031400000000000004,0.0216
2006-02,-0.0224,-0.0026,-0.0143,-0.044800000000000006
2006-03,0.030399999999999996,0.0197,0.0192,0.0368
2006-04,0.024499999999999997,0.0276,0.0315,0.0062
2006-05,-0.06970000000000001,-0.0535,-0.054400000000000004,-0.0968
2006-06,-0.0137,-0.0127,-0.0127,-0.0062
2006-07,-0.018000000000000002,-0.004699999999999999,-0.0155,-0.0134
2006-08,0.0173,0.006500000000000001,0.0191,0.0098
2006-09,-0.0166,-0.0196,-0.0161,-0.0161
2006-10,0.0166,0.0013,0.0147,0.0167
2006-11,-0.0003000000000000008,0.0034999999999999996,0.006500000000000001,0.0036
2006-12,0.0182,0.0048,0.020499999999999997,0.047599999999999996
2007-01,0.008400000000000001,0.0115,0.009000000000000001,0.0003
2007-02,0.0384,0.0385,0.0463,0.0378
2007-03,-0.012700000000000001,-0.0073,-0.013000000000000001,-0.0106
2007-04,-0.0231,-0.020099999999999996,-0.0271,-0.008
2007-05,0.0078,-0.0012,0.0067,0.0021
2007-06,0.0007999999999999999,-0.0148,-0.0086,0.0062
2007-07,-0.00019999999999999966,-0.0126,-0.0158,0.013300000000000001
2007-08,-0.0338,-0.0282,-0.0177,-0.037000000000000005
2007-09,0.0173,0.0141,0.0101,0.0555
2007-10,0.0039000000000000003,-0.0068000000000000005,-0.009300000000000001,-0.0115
2007-11,-0.0195,-0.0292,-0.009000000000000001,-0.0546
2007-12,-0.037200000000000004,-0.0278,-0.0438,-0.0379
2008-01,-0.046900000000000004,-0.0151,-0.049100000000000005,-0.0799
2008-02,0.0114,0.0012,0.0021,0.0278
2008-03,-0.0354,-0.028399999999999998,-0.031,-0.013500000000000002
2008-04,0.064,0.0533,0.0639,0.024300000000000002
2008-05,0.022099999999999998,0.025,0.030600000000000002,0.0059
2008-06,-0.06440000000000001,-0.0473,-0.0649,-0.04019999999999999
2008-07,-0.0297,-0.0165,-0.03,-0.0412
2008-08,-0.0423,-0.028999999999999998,-0.0281,-0.0191
2008-09,-0.1035,-0.0675,-0.1283,-0.1057
2008-10,-0.13470000000000001,-0.1281,-0.1091,-0.08990000000000001
2008-11,0.0007999999999999999,0.0332,-0.0029,0.0555
2008-12,0.0857,0.0925,0.08789999999999999,0.10980000000000001
2009-01,-0.065,-0.0757,-0.0666,-0.07730000000000001
2009-02,-0.1192,-0.1382,-0.1048,-0.1325
2009-03,0.013200000000000002,0.0339,-0.011399999999999999,-0.062400000000000004
2009-04,0.0806,0.0602,0.0894,0.0074
2009-05,0.10890000000000001,0.1016,0.10339999999999999,0.0746
2009-06,0.0286,0.036699999999999997,0.02,0.026699999999999998
2009-07,0.0407,0.04769999999999999,0.0584,0.0116
2009-08,0.034100000000000005,0.0209,0.027200000000000002,0.0302
2009-09,-0.0083,-0.0354,-0.0011,0.0052
2009-10,-0.0229,-0.0087,-0.013300000000000001,-0.027000000000000003
2009-11,-0.02,-0.0527,-0.0105,-0.042300000000000004
2009-12,0.0023,0.058899999999999994,0.0149,0.0575
2010-01,0.023399999999999997,0.030299999999999997,0.0087,-0.008100000000000001
2010-02,0.0076,-0.0053,0.0069,-0.0019
2010-03,0.048400000000000006,0.0827,0.0504,0.0633
2010-04,0.0054,0.015300000000000001,-0.0025,-0.0039000000000000003
2010-05,-0.07919999999999999,-0.10529999999999999,-0.0761,-0.0929
2010-06,-0.0063,-0.0345,-0.0059,-0.0231
2010-07,0.0295,0.027000000000000003,0.023700000000000002,0.0481
2010-08,-0.026,-0.025,-0.0086,-0.0269
2010-09,0.04700000000000001,0.0333,0.030600000000000002,0.057800000000000004
2010-10,0.0124,0.0143,0.0115,0.0143
2010-11,0.019799999999999998,0.0148,0.0139,0.0134
2010-12,0.0756,0.0861,0.0603,0.0791
2011-01,0.0041,-0.0009,-0.001,0.0108
2011-02,0.048400000000000006,0.0493,0.049400000000000006,0.0479
2011-03,-0.0866,-0.0922,-0.0839,-0.0696
2011-04,0.0078000000000000005,0.0060999999999999995,0.0067,0.0276
2011-05,-0.016200000000000003,-0.0239,-0.0209,-0.0128
2011-06,0.0252,0.0379,0.022000000000000002,0.0181
2011-07,0.0403,0.037200000000000004,0.0373,0.055
2011-08,-0.075,-0.0729,-0.055,-0.10339999999999999
2011-09,-0.0046,0.0263,0.006,-0.0336
2011-10,-0.011899999999999999,-0.025,-0.0051,-0.0008
2011-11,-0.0378,-0.042,-0.037599999999999995,-0.0421
2011-12,0.0125,0.0241,0.0127,0.018799999999999997
2012-01,0.042800000000000005,0.050300000000000004,0.0097,0.0138
2012-02,0.035,0.028300000000000002,0.017,-0.013300000000000001
2012-03,0.0141,-0.0018,0.0123,0.0308
2012-04,-0.0178,-0.0336,-0.0078000000000000005,-0.005699999999999999
2012-05,-0.084,-0.0942,-0.0713,-0.057800000000000004
2012-06,0.0471,0.0719,0.0414,0.0499
2012-07,-0.0183,-0.0518,-0.013999999999999999,0.0218
2012-08,-0.0064,-0.028999999999999998,-0.003,0.011899999999999999
2012-09,0.0228,0.0429,0.0134,0.0279
2012-10,-0.0189,-0.0209,-0.0278,-0.028999999999999998
2012-11,0.0172,0.0169,0.012199999999999999,0.0169
2012-12,0.038400000000000004,0.0895,0.0132,0.037200000000000004
2013-01,0.0378,0.0478,0.0377,0.0418
2013-02,0.0286,0.032,0.031400000000000004,0.0392
2013-03,0.055,0.041100000000000005,0.0493,0.0707
2013-04,0.0895,0.1199,0.0935,0.11779999999999999
2013-05,-0.053,-0.06559999999999999,-0.0294,-0.075
2013-06,0.0083,0.0286,0.0139,0.0231
2013-07,0.014199999999999999,0.015700000000000002,0.0213,0.0148
2013-08,-0.0255,-0.023,-0.0321,-0.034300000000000004
2013-09,0.08789999999999999,0.0925,0.0827,0.1112
2013-10,-0.0023,-0.0137,-0.009300000000000001,-0.0109
2013-11,0.0108,0.009899999999999999,0.0128,0.02
2013-12,0.008,0.0144,0.0091,0.0128
2014-01,-0.026600000000000002,-0.041299999999999996,-0.024399999999999998,-0.043899999999999995
2014-02,-0.005600000000000001,-0.006,0.0049,-0.0077
2014-03,-0.0116,-0.0116,-0.0202,-0.0268
2014-04,-0.0233,-0.023,-0.0131,-0.0395
2014-05,0.0379,0.0424,0.040999999999999995,0.024
2014-06,0.0576,0.066,0.0466,0.0602
2014-07,0.0077,0.001,0.012199999999999999,0.032
2014-08,-0.0199,-0.020099999999999996,-0.0239,-0.0084
2014-09,-0.0105,-0.020499999999999997,-0.0175,-0.0121
2014-10,-0.0213,-0.030299999999999997,-0.0069,-0.0151
2014-11,-0.0005,-0.0,-0.0138,-0.0106
2014-12,-0.0085,-0.0076,-0.014199999999999999,-0.0034999999999999996
2015-01,0.027999999999999997,0.026099999999999998,0.0493,0.0548
2015-02,0.0542,0.08929999999999999,0.046799999999999994,0.0318
2015-03,0.019,-0.006500000000000001,0.0125,0.0206
2015-04,0.0349,0.0718,0.033,0.0052
2015-05,0.0089,0.026600000000000002,-0.0009,-0.0016
2015-06,-0.0068000000000000005,-0.0152,0.0029,-0.0053
2015-07,0.0092,0.0077,0.0245,-0.0029
2015-08,-0.053,-0.0588,-0.0557,-0.056299999999999996
2015-09,-0.0621,-0.0682,-0.0747,-0.0702
2015-10,0.0926,0.09570000000000001,0.1023,0.0851
2015-11,-0.0016,-0.0207,-0.0012,-0.0
2015-12,0.0043,0.0046,0.0084,0.0163
2016-01,-0.0757,-0.1,-0.048600000000000004,-0.049699999999999994
2016-02,-0.019200000000000002,-0.052300000000000006,-0.008,-0.0073
2016-03,0.0508,0.049100000000000005,0.0446,0.049
2016-04,0.0515,0.0617,0.0483,0.053
2016-05,-0.0103,-0.0151,-0.0128,0.0002
2016-06,-0.024500000000000004,-0.058600000000000006,-0.0103,0.0297
2016-07,0.0674,0.09519999999999999,0.0548,0.0197
2016-08,-0.011499999999999998,0.0344,-0.0141,-0.0764
2016-09,0.026899999999999997,0.0004,0.0227,0.0509
2016-10,0.0162,0.0393,0.0097,-0.0013
2016-11,-0.0387,0.009000000000000001,-0.0509,-0.0755
2016-12,0.013800000000000002,0.0206,0.016,0.0011
2017-01,0.0387,0.042800000000000005,0.028999999999999998,0.060700000000000004
2017-02,0.011699999999999999,0.016200000000000003,0.0022,0.0072
2017-03,0.0087,-0.0115,0.013600000000000001,0.018600000000000002
2017-04,0.013000000000000001,0.0055000000000000005,0.0147,0.011200000000000002
2017-05,0.030100000000000002,-0.0092,0.039900000000000005,0.026600000000000002
2017-06,0.012299999999999998,0.031200000000000002,-0.0028000000000000004,0.02
2017-07,0.024,0.0123,0.0253,0.0217
2017-08,0.0039,-0.009399999999999999,0.0069,0.0034999999999999996
2017-09,0.018000000000000002,0.0287,0.0124,0.0263
2017-10,0.0421,0.0348,0.0388,0.050499999999999996
2017-11,0.0268,0.0189,0.0232,0.0231
2017-12,0.0138,0.0368,-0.0042,0.0075
2018-01,0.0452,0.0311,0.0348,0.0528
2018-02,-0.0133,-0.0175,-0.0151,-0.005699999999999999
2018-03,-0.0137,-0.0285,-0.0046,-0.0116
2018-04,0.004200000000000001,0.0256,0.0055000000000000005,-0.0158
2018-05,-0.0118,-0.0365,-0.0034999999999999996,0.022400000000000003
2018-06,-0.0242,-0.0359,-0.006500000000000001,-0.028999999999999998
2018-07,0.00030000000000000014,0.0148,0.0003,-0.0242
2018-08,-0.0027,-0.0021,-0.0036,0.0084
2018-09,0.0293,0.0405,0.0277,0.0425
2018-10,-0.0863,-0.059699999999999996,-0.0974,-0.1131
2018-11,0.0101,-0.0128,-0.0,0.015300000000000001
2018-12,-0.0711,-0.0636,-0.059000000000000004,-0.0604
2019-01,0.0542,0.0636,0.0508,0.025
2019-02,0.004699999999999999,-0.0172,0.0175,0.0159
2019-03,0.0036,-0.008199999999999999,0.0034999999999999996,-0.0008
2019-04,0.014199999999999999,-0.0025,0.0116,0.0019
2019-05,-0.0359,-0.044500000000000005,-0.018500000000000003,-0.0218
2019-06,0.026899999999999997,0.0241,0.022000000000000002,0.024399999999999998
2019-07,0.0053,-0.020499999999999997,0.0147,0.0042
2019-08,-0.0112,-0.0384,-0.0048,-0.0040999999999999995
2019-09,0.040100000000000004,0.0663,0.024300000000000002,0.0236
2019-10,0.049800000000000004,0.0509,0.049100000000000005,0.0332
2019-11,0.0079,0.0031,-0.0017000000000000001,0.0075
2019-12,0.022199999999999998,0.0207,0.018600000000000002,0.028300000000000002
2020-01,-0.0192,-0.0387,-0.014499999999999999,-0.0087
2020-02,-0.0997,-0.0965,-0.0958,-0.09789999999999999
2020-03,-0.0509,-0.1158,-0.0416,-0.0245
2020-04,0.0496,0.033,0.0467,0.0461
2020-05,0.0644,0.042300000000000004,0.0501,0.0676
2020-06,-0.0021000000000000003,-0.0311,0.0085,0.0231
2020-07,-0.0197,-0.0521,-0.0048,0.0163
2020-08,0.0786,0.1243,0.053399999999999996,0.0332
2020-09,0.022199999999999998,-0.0215,0.0206,0.0371
2020-10,-0.0198,-0.027999999999999997,0.0005,-0.0222
2020-11,0.10930000000000001,0.0812,0.1242,0.1334
2020-12,0.04000000000000001,0.0516,0.045599999999999995,0.0351
2021-01,-0.0123,0.0072,-0.0097,-0.026600000000000002
2021-02,0.011399999999999999,0.0756,0.013500000000000002,-0.018500000000000003
2021-03,0.0144,0.055099999999999996,-0.013600000000000001,-0.018000000000000002
2021-04,-0.0158,-0.0281,-0.010700000000000001,-0.0001
2021-05,0.0086,0.0235,-0.0025,-0.0129
2021-06,0.0006,-0.022000000000000002,-0.0060999999999999995,-0.0103
2021-07,-0.0109,-0.0036,-0.009000000000000001,-0.0191
2021-08,0.0286,0.0169,0.0407,0.024300000000000002
2021-09,0.0298,0.041299999999999996,0.0332,0.0364
2021-10,-0.0382,-0.0493,-0.0305,-0.0225
2021-11,-0.0292,-0.0507,-0.018000000000000002,-0.0128
2021-12,0.0131,0.0317,0.0079,0.0236
2022-01,-0.051399999999999994,0.0352,-0.0775,-0.0662
2022-02,-0.003,0.0159,-0.013999999999999999,-0.0174
2022-03,-0.0154,-0.0096,-0.0095,0.0025
2022-04,-0.08470000000000001,-0.0717,-0.0898,-0.0821
2022-05,0.0129,0.0165,0.0206,0.0148
2022-06,-0.0676,-0.048799999999999996,-0.08289999999999999,-0.07690000000000001
2022-07,0.0575,0.0231,0.078,0.0407
2022-08,-0.0292,-0.0183,-0.040999999999999995,-0.02
2022-09,-0.09079999999999999,-0.08539999999999999,-0.0981,-0.0827
2022-10,0.0218,0.0068000000000000005,0.0333,0.013000000000000001
2022-11,0.1049,0.12390000000000001,0.0962,0.1043
2022-12,0.005,0.0567,-0.0043,0.0342
2023-01,0.0508,0.0432,0.0489,0.0239
2023-02,-0.036199999999999996,-0.0070999999999999995,-0.0499,-0.024900000000000002
2023-03,0.0433,0.0001,0.0533,0.0275
2023-04,0.0007999999999999995,0.015,0.0023,0.0027
2023-05,0.008799999999999999,-0.0008,0.0213,0.0137
2023-06,0.03949999999999999,0.058899999999999994,0.027200000000000002,0.0449
2023-07,0.0289,0.0644,0.0215,0.031
2023-08,-0.0178,-0.0045000000000000005,-0.027000000000000003,-0.022400000000000003
2023-09,-0.0204,0.0353,-0.0365,-0.0174
2023-10,-0.044899999999999995,-0.042300000000000004,-0.0391,-0.049800000000000004
2023-11,0.0794,0.0464,0.11539999999999999,0.07980000000000001
2023-12,0.0477,0.0279,0.064,0.032400000000000005
2024-01,0.0306,0.050499999999999996,0.0222,0.06
2024-02,0.0291,0.0263,0.0148,0.0745
2024-03,0.0329,0.0662,0.026600000000000002,0.0524
2024-04,-0.055400000000000005,-0.038900000000000004,-0.0781,-0.0661
2024-05,0.0094,0.0311,0.015600000000000001,0.0242
2024-06,-0.006500000000000001,-0.016399999999999998,0.0105,-0.0124
2024-07,0.0665,0.07429999999999999,0.0626,0.044199999999999996
2024-08,0.00029999999999999905,-0.0444,0.0304,-0.0197
2024-09,0.0033,0.002,0.0062,-0.0013
2024-10,-0.0387,-0.0231,-0.0356,-0.026600000000000002
2024-11,0.0083,0.046900000000000004,0.0143,0.0072
2024-12,-0.008199999999999999,-0.0105,-0.0075,-0.0143
2025-01,0.0124,0.0297,0.013999999999999999,0.0146
2025-02,-0.0073,0.009000000000000001,-0.004699999999999999,-0.022099999999999998
2025-03,0.0064,0.0265,-0.020099999999999996,0.0105
2025-04,0.0572,-0.0011,0.076,0.0518
2025-05,0.040499999999999994,0.0557,0.043,0.0546
2025-06,0.0204,0.0,0.0429,0.0378
2025-07,-0.016900000000000002,0.0098,-0.0424,-0.0384
2025-08,0.0716,0.1012,0.0475,0.0592
2025-09,0.021800000000000003,0.0184,0.0223,0.0346
2025-10,0.0187,-0.0255,0.0434,0.055999999999999994
2025-11,0.00010000000000000026,0.0537,-0.0040999999999999995,-0.035
2025-12,0.0074,0.027000000000000003,-0.0173,-0.021400000000000002
2026-01,0.05910000000000001,0.0977,0.038599999999999995,0.0852
2026-02,0.0925,0.1052,0.0728,0.1164
2026-03,-0.1169,-0.1159,-0.1114,-0.1417
2026-04,0.083,0.049699999999999994,0.0787,0.18739999999999998
2026-05,0.0497,0.052000000000000005,0.0215,0.0833
2026-06,-0.0063,-0.011200000000000002,0.0429,0.0292
2026-07,0.0196,0.07400000000000001,-0.0385,-0.11349999999999999
