Date,M,V,P,VP,BV,BP,BVP,Mom,BMom,VM,VPM,VPM_intersection,BVM,BVPM,BVPM_intersection
1990-11,-0.13549999999999998,-0.16262500000000002,-0.14800000000000002,-0.155,-0.14827500000000002,-0.126925,-0.1469,-0.1518,-0.146,-0.1572125,-0.15414166666666668,-0.15339999999999998,-0.1471375,-0.1404,-0.14645
1990-12,0.025299999999999996,-0.0237125,0.00027500000000000137,-0.02305,-0.003700000000000001,0.038175,0.0197,-0.0545,-0.0519,-0.03910625,-0.025979166666666664,-0.038775000000000004,-0.027800000000000002,-0.005808333333333335,-0.016100000000000003
1991-01,0.017099999999999997,-0.014549999999999997,-0.009125000000000001,-0.0002999999999999995,0.008974999999999999,0.027875,0.006500000000000001,-0.017449999999999997,0.011899999999999999,-0.015999999999999997,-0.013708333333333331,-0.008874999999999997,0.010437499999999999,0.01625,0.0092
1991-02,0.1277,0.1783,0.16964999999999997,0.1755,0.1542,0.127125,0.1813,0.10795000000000002,0.0719,0.143125,0.15196666666666667,0.141725,0.11305000000000001,0.11774166666666668,0.1266
1991-03,-0.0376,-0.027112499999999998,-0.0273875,-0.03635,-0.050225,-0.049749999999999996,-0.0575,-0.011100000000000002,-0.036000000000000004,-0.019106249999999998,-0.021866666666666663,-0.023725000000000003,-0.0431125,-0.045325000000000004,-0.04675
1991-04,0.0271,0.04227499999999999,0.0315125,0.05125,0.020975,0.016825,0.016399999999999998,0.04585,0.032,0.0440625,0.03987916666666667,0.048549999999999996,0.0264875,0.023266666666666668,0.0242
1991-05,-0.0156,-0.02285,-0.0158625,-0.02275,-0.025599999999999998,-0.015725,-0.0323,-0.00945,-0.0070999999999999995,-0.016149999999999998,-0.016054166666666665,-0.0161,-0.01635,-0.01614166666666667,-0.019700000000000002
1991-06,-0.06670000000000001,-0.035737500000000005,-0.059062500000000004,-0.0266,-0.038725,-0.0753,-0.0351,-0.0364,-0.051399999999999994,-0.036068750000000004,-0.04373333333333334,-0.0315,-0.0450625,-0.05514166666666667,-0.04325
1991-07,0.018799999999999997,0.0125125,0.0178875,0.027200000000000002,0.029875,0.044825000000000004,0.0707,0.002,0.0323,0.00725625,0.010799999999999999,0.014600000000000002,0.0310875,0.03566666666666667,0.051500000000000004
1991-08,-0.0678,-0.09181249999999999,-0.0874625,-0.08560000000000001,-0.0775,-0.061450000000000005,-0.0832,-0.06475,-0.0345,-0.07828125,-0.08134166666666666,-0.075175,-0.056,-0.057816666666666676,-0.05885
1991-09,0.0912,0.09733750000000001,0.08695,0.0674,0.09175,0.0811,0.0713,0.08255,0.0676,0.08994375,0.08894583333333334,0.074975,0.079675,0.08015,0.06945
1991-10,0.0448,0.0432,0.0407625,0.0361,0.035075,0.030225000000000005,0.018600000000000002,0.05159999999999999,0.0642,0.0474,0.04518749999999999,0.04385,0.0496375,0.043166666666666666,0.0414
1991-11,-0.0813,-0.09543750000000001,-0.0834125,-0.0766,-0.09242500000000001,-0.072275,-0.0895,-0.08125,-0.0593,-0.08834375,-0.0867,-0.078925,-0.0758625,-0.07466666666666667,-0.0744
1991-12,0.028800000000000003,0.04065,0.0342625,0.03605,0.038425,0.037225,0.0277,0.02245,0.0158,0.03155,0.032454166666666666,0.029249999999999998,0.0271125,0.030483333333333335,0.02175
1992-01,-0.0533,-0.040275,-0.050175,-0.0306,-0.0277,-0.0407,-0.0087,-0.060950000000000004,-0.0693,-0.050612500000000005,-0.05046666666666667,-0.045775,-0.0485,-0.045899999999999996,-0.039
1992-02,-0.0694,-0.0600875,-0.052250000000000005,-0.0743,-0.07415000000000001,-0.07005,-0.09300000000000001,-0.05005,-0.0593,-0.05506875,-0.05412916666666667,-0.062175,-0.066725,-0.06783333333333333,-0.07615000000000001
1992-03,-0.11109999999999999,-0.108375,-0.105025,-0.10439999999999999,-0.101875,-0.09975,-0.0958,-0.10670000000000002,-0.10460000000000001,-0.10753750000000001,-0.1067,-0.10555,-0.10323750000000001,-0.10207500000000001,-0.10020000000000001
1992-04,-0.0738,-0.052325,-0.06216250000000001,-0.0498,-0.011325,-0.0324,0.0172,-0.08099999999999999,-0.065,-0.0666625,-0.0651625,-0.06539999999999999,-0.0381625,-0.036241666666666665,-0.0239
1992-05,0.0901,0.09658749999999999,0.09872500000000001,0.0889,0.07367499999999999,0.07925,0.0703,0.1002,0.0852,0.09839375,0.09850416666666667,0.09455,0.0794375,0.07937499999999999,0.07775
1992-06,-0.08730000000000002,-0.0768625,-0.07088749999999999,-0.06485,-0.0784,-0.0698,-0.0751,-0.05245,-0.0516,-0.06465625,-0.06673333333333333,-0.05865,-0.065,-0.0666,-0.06335
1992-07,-0.0296,-0.0594375,-0.0701625,-0.0693,-0.042775,-0.045274999999999996,-0.055,-0.06975,-0.0482,-0.06459375,-0.06645,-0.069525,-0.0454875,-0.04541666666666666,-0.0516
1992-08,0.1663,0.11608750000000001,0.12225000000000001,0.10165,0.12815000000000001,0.12840000000000001,0.0877,0.1008,0.11259999999999999,0.10844375,0.11304583333333335,0.10122500000000001,0.12037500000000001,0.12305,0.10014999999999999
1992-09,-0.026000000000000002,-0.013274999999999999,-0.0209,-0.010999999999999998,-0.027925,-0.03905,-0.048499999999999995,-0.005400000000000001,-0.025,-0.0093375,-0.013191666666666666,-0.008199999999999999,-0.0264625,-0.030658333333333333,-0.03675
1992-10,-0.05159999999999999,-0.052662499999999994,-0.054887500000000006,-0.037399999999999996,-0.038974999999999996,-0.04932500000000001,-0.0217,-0.036199999999999996,-0.0373,-0.04443124999999999,-0.04791666666666666,-0.0368,-0.0381375,-0.04186666666666666,-0.0295
1992-11,0.020800000000000003,0.00315,0.0119,0.0212,0.017125,0.024725,0.0335,0.0012500000000000002,0.015300000000000001,0.0022,0.005433333333333334,0.011225,0.0162125,0.01905,0.0244
1992-12,-0.0075,0.0187875,0.0102,0.0358,0.0008000000000000012,-0.006625000000000001,0.005600000000000001,0.0002500000000000002,-0.0040999999999999995,0.00951875,0.009745833333333334,0.018025,-0.0016499999999999991,-0.0033083333333333333,0.0007500000000000007
1993-01,-0.0063999999999999994,-0.012187499999999997,-0.012025000000000001,-0.005050000000000001,-0.0092,-0.0033000000000000004,-0.0085,-0.010050000000000002,-0.0039000000000000003,-0.01111875,-0.011420833333333333,-0.007550000000000001,-0.00655,-0.005466666666666667,-0.006200000000000001
1993-02,0.0457,0.05355,0.05395,0.05245,0.026099999999999998,0.043625,0.0212,0.0474,0.036000000000000004,0.050475,0.05163333333333333,0.049925,0.03105,0.035241666666666664,0.0286
1993-03,0.161,0.1806875,0.17033750000000003,0.1443,0.19295,0.183675,0.1764,0.11420000000000001,0.11130000000000001,0.14744375,0.15507500000000002,0.12925,0.152125,0.16264166666666666,0.14385
1993-04,0.16920000000000002,0.2024125,0.1677375,0.16610000000000003,0.201675,0.16144999999999998,0.1628,0.15975,0.1564,0.18108125,0.17663333333333334,0.16292500000000001,0.17903750000000002,0.173175,0.15960000000000002
1993-05,0.0518,0.0890625,0.07957499999999999,0.0587,0.017424999999999996,0.00475,-0.024700000000000003,0.0996,0.055,0.09433125,0.0894125,0.07915,0.036212499999999995,0.025724999999999998,0.015149999999999999
1993-06,-0.039400000000000004,-0.06125,-0.06215,-0.0716,-0.0515,-0.053675,-0.0691,-0.0524,-0.0288,-0.056825,-0.058600000000000006,-0.062,-0.04015,-0.04465833333333333,-0.048949999999999994
1993-07,0.06949999999999999,0.0542125,0.051325,0.059849999999999993,0.08134999999999999,0.07492499999999999,0.09939999999999999,0.0589,0.0821,0.05655625,0.05481250000000001,0.059375,0.08172499999999999,0.07945833333333334,0.09075
1993-08,0.023999999999999997,0.0197375,0.0185625,0.004449999999999999,0.030199999999999998,0.0207,0.016399999999999998,0.02745,0.027999999999999997,0.02359375,0.021916666666666668,0.01595,0.029099999999999997,0.0263,0.022199999999999998
1993-09,-0.049400000000000006,-0.046275,-0.036212499999999995,-0.0415,-0.043449999999999996,-0.039875,-0.037000000000000005,-0.05285,-0.0697,-0.049562499999999995,-0.0451125,-0.047175,-0.056575,-0.05100833333333333,-0.05335
1993-10,-0.0234,-0.049612500000000004,-0.052525,-0.033100000000000004,-0.015,-0.015350000000000003,0.004699999999999999,-0.0505,-0.0084,-0.050056250000000004,-0.05087916666666667,-0.041800000000000004,-0.011699999999999999,-0.012916666666666667,-0.00185
1993-11,-0.15969999999999998,-0.1657125,-0.144225,-0.15115,-0.157075,-0.12769999999999998,-0.1371,-0.18130000000000002,-0.1734,-0.17350625000000003,-0.16374583333333334,-0.166225,-0.16523749999999998,-0.152725,-0.15525
1993-12,0.0223,0.032987499999999996,0.017575,0.0482,0.046299999999999994,0.032975,0.0866,0.03265,0.0317,0.032818749999999994,0.0277375,0.040425,0.03899999999999999,0.036991666666666666,0.059149999999999994
1994-01,0.17120000000000002,0.1985125,0.16955,0.16670000000000001,0.2017,0.16485,0.177,0.18409999999999999,0.1818,0.19130625,0.18405416666666666,0.1754,0.19174999999999998,0.18278333333333333,0.1794
1994-02,0.0409,0.0641375,0.054662499999999996,0.07919999999999999,0.056900000000000006,0.047075000000000006,0.0558,0.06155000000000001,0.0483,0.06284375,0.06011666666666667,0.070375,0.05260000000000001,0.05075833333333334,0.05205
1994-03,-0.0196,0.0174625,-0.0018499999999999983,0.016450000000000006,-0.01285,-0.025449999999999997,-0.021099999999999997,0.001599999999999999,-0.029300000000000003,0.009531249999999998,0.0057374999999999995,0.009025000000000002,-0.021075000000000003,-0.022533333333333336,-0.0252
1994-04,0.0356,0.04655,0.0377625,0.0442,0.032475,0.023675,0.0298,0.03565,0.018799999999999997,0.0411,0.0399875,0.039925,0.025637499999999997,0.02498333333333333,0.0243
1994-05,0.0155,0.029462499999999996,0.0065875,0.04775,0.039575,0.013975,0.0493,0.00375,0.0147,0.016606249999999996,0.013266666666666668,0.025750000000000002,0.0271375,0.022750000000000003,0.032
1994-06,0.0633,0.10612500000000002,0.0814625,0.0937,0.07024999999999999,0.060375,0.0564,0.0925,0.068,0.09931250000000001,0.09336250000000001,0.0931,0.06912499999999999,0.06620833333333333,0.062200000000000005
1994-07,-0.0383,-0.0412625,-0.030462499999999997,-0.03845,-0.050925,-0.033325,-0.0424,-0.040749999999999995,-0.0489,-0.041006249999999994,-0.037491666666666666,-0.039599999999999996,-0.0499125,-0.04438333333333333,-0.045649999999999996
1994-08,0.0008000000000000004,-0.003049999999999997,0.00033749999999999926,0.0114,0.0133,0.015625,0.0233,-0.0069,0.0091,-0.0049749999999999985,-0.003204166666666666,0.0022500000000000003,0.0112,0.012675,0.0162
1994-09,-0.028499999999999998,-0.0327375,-0.0259,-0.0258,-0.024425,-0.015125,-0.0064,-0.03325,-0.026699999999999998,-0.03299375,-0.03062916666666667,-0.029525000000000003,-0.0255625,-0.022083333333333333,-0.01655
1994-10,0.025800000000000003,0.0363625,0.0178,0.04525,0.04435,0.028875,0.06,0.036199999999999996,0.0403,0.03628125,0.030120833333333333,0.040725,0.042325,0.03784166666666667,0.05015
1994-11,-0.0618,-0.06438749999999999,-0.0649125,-0.055650000000000005,-0.055,-0.05437500000000001,-0.0489,-0.07235,-0.0654,-0.06836874999999999,-0.06721666666666666,-0.064,-0.060200000000000004,-0.058258333333333336,-0.05715
1994-12,0.0205,0.022612499999999997,0.016975,0.0255,0.0164,0.016125,0.0253,0.022650000000000003,0.017,0.02263125,0.020745833333333335,0.024075,0.0167,0.016508333333333333,0.021150000000000002
1995-01,-0.0643,-0.0774625,-0.047787500000000004,-0.0753,-0.086425,-0.08045000000000001,-0.10210000000000001,-0.09575,-0.1,-0.08660625,-0.07366666666666667,-0.085525,-0.0932125,-0.08895833333333332,-0.10105
1995-02,-0.05210000000000001,-0.0470375,-0.0515875,-0.0314,-0.045700000000000005,-0.034225,-0.0196,-0.04575,-0.049400000000000006,-0.04639375,-0.048125,-0.038575,-0.04755000000000001,-0.04310833333333333,-0.0345
1995-03,0.09059999999999999,0.088675,0.0887125,0.1051,0.09899999999999999,0.11665,0.1105,0.06939999999999999,0.08349999999999999,0.0790375,0.0822625,0.08725,0.09125,0.09971666666666668,0.097
1995-04,0.0412,0.019949999999999996,0.0192625,0.01455,0.020949999999999996,0.027025,0.0172,0.0351,0.0562,0.027524999999999997,0.024770833333333336,0.024825,0.038575,0.034725,0.036699999999999997
1995-05,-0.0625,-0.08003749999999998,-0.06737499999999999,-0.06935,-0.076525,-0.055625,-0.0559,-0.060950000000000004,-0.0565,-0.07049375,-0.06945416666666666,-0.06515,-0.0665125,-0.06288333333333333,-0.0562
1995-06,-0.0413,-0.03955,-0.027975,-0.03105,-0.03005,-0.012825000000000001,-0.0262,-0.037,-0.0282,-0.038275,-0.03484166666666667,-0.034025,-0.029124999999999998,-0.023691666666666666,-0.027200000000000002
1995-07,0.0635,0.0486625,0.03885,0.05015,0.063625,0.041825,0.0682,0.026949999999999998,0.0479,0.03780625,0.03815416666666666,0.03855,0.0557625,0.051116666666666664,0.05805
1995-08,-0.0261,-0.017025,-0.0161875,-0.013200000000000002,-0.019325000000000002,-0.011349999999999999,0.0025,-0.03835,-0.0269,-0.0276875,-0.023854166666666666,-0.025775000000000003,-0.0231125,-0.019191666666666666,-0.0122
1995-09,-0.0117,-0.036925000000000006,-0.0064375000000000005,-0.0242,-0.032725000000000004,0.0026999999999999993,-0.0187,-0.0126,0.001,-0.024762500000000003,-0.01865416666666667,-0.0184,-0.0158625,-0.009675000000000001,-0.00885
1995-10,-0.038500000000000006,-0.041325,-0.0379375,-0.05,-0.04945,-0.0328,-0.052300000000000006,-0.020999999999999998,-0.0351,-0.0311625,-0.03342083333333334,-0.035500000000000004,-0.042275,-0.03911666666666667,-0.0437
1995-11,0.0451,0.05048749999999999,0.018699999999999998,0.0213,0.038375,0.016225,0.0255,0.03555,0.0336,0.043018749999999994,0.03491249999999999,0.028425,0.0359875,0.0294,0.02955
1995-12,0.0484,0.08118749999999998,0.046537499999999996,0.06265,0.06825,0.037,0.0759,0.02765,0.0271,0.05441874999999999,0.05179166666666666,0.045149999999999996,0.047675,0.04411666666666667,0.0515
1996-01,-0.0124,0.009837500000000002,0.001925000000000001,0.007000000000000001,-0.00047500000000000016,-0.007749999999999999,-0.0042,-0.011,-0.0236,-0.0005812499999999984,0.00025416666666666816,-0.001999999999999999,-0.0120375,-0.010608333333333332,-0.0139
1996-02,-0.014499999999999999,-0.016237500000000002,-0.0097625,-0.01145,-0.017325,-0.0085,-0.0199,-0.0268,-0.017,-0.021518750000000003,-0.0176,-0.019125,-0.0171625,-0.014275000000000001,-0.01845
1996-03,0.029900000000000003,0.0178,0.010974999999999999,-0.0005000000000000004,0.027549999999999998,0.012950000000000001,0.0095,0.02525,0.031400000000000004,0.021525000000000002,0.018008333333333335,0.012375,0.029475,0.023966666666666667,0.020450000000000003
1996-04,0.06839999999999999,0.1016875,0.0923875,0.1109,0.08072499999999999,0.06997500000000001,0.0779,0.08009999999999999,0.056799999999999996,0.09089375,0.09139166666666666,0.0955,0.06876249999999999,0.06916666666666667,0.06735
1996-05,-0.0449,-0.0355375,-0.0379875,-0.04865,-0.044575000000000004,-0.0494,-0.058499999999999996,-0.04475,-0.049400000000000006,-0.04014375,-0.039425,-0.0467,-0.0469875,-0.04779166666666667,-0.05395
1996-06,0.0037,0.000962499999999999,0.0048125,0.00745,0.008324999999999999,0.0074,0.0087,-0.00255,0.0098,-0.0007937500000000006,0.0010749999999999996,0.00245,0.0090625,0.008508333333333333,0.00925
1996-07,-0.04719999999999999,-0.0493625,-0.037125,-0.044899999999999995,-0.053425,-0.04035,-0.048499999999999995,-0.07325,-0.056299999999999996,-0.06130624999999999,-0.053245833333333326,-0.059074999999999996,-0.054862499999999995,-0.05002499999999999,-0.052399999999999995
1996-08,-0.0431,-0.040625,-0.0430125,-0.03065,-0.04415,-0.043075,-0.0378,-0.03705,-0.046900000000000004,-0.0388375,-0.04022916666666667,-0.03385,-0.045525,-0.04470833333333333,-0.04235
1996-09,0.0288,0.009000000000000001,0.012725,0.020900000000000002,0.032375,0.044225,0.0582,0.00895,0.036699999999999997,0.008975,0.010225,0.014925,0.0345375,0.037766666666666664,0.04745
1996-10,-0.06860000000000001,-0.06325,-0.0638125,-0.06145,-0.06675,-0.06952499999999999,-0.071,-0.059649999999999995,-0.0677,-0.06145,-0.0622375,-0.06054999999999999,-0.06722500000000001,-0.06799166666666666,-0.06935
1996-11,0.0063,-0.016262499999999996,-0.007474999999999998,-0.01145,-0.003049999999999999,0.018225,-0.0011,-0.004050000000000005,0.037599999999999995,-0.01015625,-0.0092625,-0.0077500000000000025,0.017275,0.017591666666666665,0.01825
1996-12,-0.0706,-0.0838125,-0.0643875,-0.07325,-0.06747500000000001,-0.039025,-0.0633,-0.07314999999999999,-0.0364,-0.07848125,-0.07378333333333333,-0.07319999999999999,-0.051937500000000004,-0.04763333333333334,-0.04985
1997-01,-0.10729999999999999,-0.099875,-0.08258750000000001,-0.06675,-0.088275,-0.05842499999999999,-0.029300000000000003,-0.0897,-0.07769999999999999,-0.0947875,-0.09072083333333335,-0.078225,-0.08298749999999999,-0.07479999999999999,-0.0535
1997-02,0.0185,-0.0060374999999999995,-0.0112,-0.0354,-0.0020999999999999994,0.003550000000000001,-0.0353,0.0021499999999999974,0.020499999999999997,-0.001943750000000001,-0.005029166666666667,-0.016625,0.0092,0.007316666666666666,-0.0074
1997-03,-0.036699999999999997,-0.03914999999999999,-0.037287499999999994,-0.010750000000000001,-0.020725,-0.00935,0.0149,-0.03725,-0.0144,-0.0382,-0.03789583333333333,-0.024,-0.0175625,-0.014825,0.0002500000000000002
1997-04,0.019200000000000002,-0.019762500000000002,-0.006024999999999999,-0.0227,0.0027749999999999993,0.0192,-0.002,0.01585,0.056799999999999996,-0.0019562500000000014,-0.0033125000000000008,-0.003425000000000001,0.029787499999999998,0.02625833333333333,0.027399999999999997
1997-05,0.1354,0.13968750000000002,0.142775,0.1317,0.13375,0.137625,0.1444,0.13395,0.1324,0.13681875000000002,0.1388041666666667,0.13282500000000003,0.133075,0.13459166666666667,0.1384
1997-06,0.058100000000000006,0.0435375,0.0453,0.0552,0.059300000000000005,0.052875000000000005,0.0782,0.04035,0.041100000000000005,0.04194375,0.043062500000000004,0.047775,0.05020000000000001,0.051091666666666674,0.05965000000000001
1997-07,-0.040100000000000004,-0.08798750000000001,-0.06709999999999999,-0.1055,-0.05795,-0.034949999999999995,-0.10279999999999999,-0.006900000000000003,0.0365,-0.04744375000000001,-0.05399583333333333,-0.0562,-0.010725000000000002,-0.0188,-0.03315
1997-08,-0.0942,-0.10001249999999999,-0.10494999999999999,-0.0979,-0.10049999999999998,-0.10849999999999999,-0.10619999999999999,-0.10269999999999999,-0.11199999999999999,-0.10135624999999998,-0.10255416666666665,-0.1003,-0.10624999999999998,-0.10699999999999998,-0.10909999999999999
1997-09,-0.0252,-0.09262499999999999,-0.0707,-0.0801,-0.06095,-0.0296,-0.0698,-0.026249999999999996,0.0368,-0.05943749999999999,-0.06319166666666666,-0.053175,-0.012074999999999999,-0.017916666666666664,-0.0165
1997-10,-0.07650000000000001,-0.028675,-0.0331125,-0.03245,-0.05135,-0.057025,-0.0421,-0.0542,-0.0719,-0.0414375,-0.038662499999999995,-0.043325,-0.061625,-0.060091666666666675,-0.057
1997-11,-0.07959999999999999,-0.16416250000000002,-0.12363750000000001,-0.15855000000000002,-0.151425,-0.08725000000000001,-0.16870000000000002,-0.0852,-0.0383,-0.12468125000000001,-0.12433333333333335,-0.12187500000000001,-0.0948625,-0.092325,-0.10350000000000001
1997-12,-0.0764,-0.11848750000000001,-0.1109125,-0.10605,-0.10502500000000001,-0.085525,-0.1017,-0.05605,-0.0262,-0.08726875,-0.09515,-0.08105000000000001,-0.0656125,-0.07225,-0.06395
1998-01,0.10980000000000001,0.1959125,0.157575,0.15395,0.15510000000000002,0.110675,0.12960000000000002,0.08285000000000001,0.0407,0.13938125,0.1454458333333333,0.1184,0.09790000000000001,0.10215833333333334,0.08515
1998-02,0.0121,0.042762499999999995,0.026300000000000004,0.02255,0.02335,0.008799999999999999,0.004699999999999999,-0.00020000000000000052,-0.0143,0.021281249999999998,0.022954166666666664,0.011175000000000001,0.0045249999999999995,0.0059499999999999996,-0.0048000000000000004
1998-03,-0.0653,-0.0628625,-0.06760000000000001,-0.0552,-0.050699999999999995,-0.063,-0.0727,-0.06090000000000001,-0.0449,-0.061881250000000006,-0.06378750000000001,-0.058050000000000004,-0.047799999999999995,-0.052866666666666666,-0.058800000000000005
1998-04,-0.0186,-0.060075,-0.038900000000000004,-0.0971,-0.061575000000000005,-0.028200000000000003,-0.1247,-0.004999999999999999,0.0019,-0.032537500000000004,-0.03465833333333334,-0.051050000000000005,-0.029837500000000003,-0.02929166666666667,-0.0614
1998-05,-0.045,-0.0351625,-0.0373,-0.0325,-0.0295,-0.03585,-0.0383,-0.0407,-0.0395,-0.03793125,-0.037720833333333335,-0.0366,-0.0345,-0.03495,-0.038900000000000004
1998-06,0.0072,0.0050125,0.0092875,0.01725,0.013075,0.008675,0.0344,0.0063,0.0077,0.00565625,0.006866666666666667,0.011775,0.010387500000000001,0.009816666666666666,0.02105
1998-07,-0.012299999999999998,-0.026975,-0.010125,-0.02055,-0.029474999999999998,-0.0023499999999999997,-0.0055000000000000005,-0.0028999999999999994,0.0055000000000000005,-0.0149375,-0.013333333333333334,-0.011725,-0.011987499999999998,-0.008775,0.0
1998-08,-0.0883,-0.1023625,-0.0836125,-0.0993,-0.109775,-0.093625,-0.1336,-0.06085,-0.0645,-0.08160624999999999,-0.082275,-0.08007500000000001,-0.0871375,-0.0893,-0.09905
1998-09,-0.0345,-0.07819999999999999,-0.0580875,-0.08940000000000001,-0.08020000000000001,-0.0659,-0.132,-0.03695,-0.0176,-0.057574999999999994,-0.05774583333333333,-0.06317500000000001,-0.048900000000000006,-0.05456666666666667,-0.0748
1998-10,0.16440000000000002,0.16561250000000002,0.1424,0.1079,0.20132499999999998,0.150125,0.1027,0.14165,0.14,0.15363125,0.1498875,0.124775,0.1706625,0.16381666666666667,0.12135000000000001
1998-11,0.0394,0.07067499999999999,0.053987499999999994,0.10099999999999999,0.061474999999999995,0.054799999999999995,0.13419999999999999,0.01495,-0.003,0.042812499999999996,0.04653749999999999,0.057975,0.029237499999999996,0.03775833333333333,0.06559999999999999
1998-12,0.031599999999999996,0.011987500000000002,0.0379,0.0296,0.022325,0.037,0.0276,0.06420000000000001,0.0833,0.03809375,0.03802916666666667,0.046900000000000004,0.0528125,0.04754166666666667,0.05545
1999-01,0.0114,0.010225000000000001,0.009487500000000001,0.023150000000000004,0.036175,0.022350000000000002,0.0791,0.01935,0.0021,0.0147875,0.013020833333333334,0.02125,0.019137499999999998,0.02020833333333333,0.040600000000000004
1999-02,-0.022500000000000003,-0.0225125,-0.0078375,-0.018,-0.0332,-0.0195,-0.0351,-0.0018499999999999992,-0.0282,-0.012181250000000001,-0.010733333333333333,-0.009925,-0.030699999999999998,-0.026966666666666667,-0.03165
1999-03,0.1404,0.1649375,0.1291375,0.11379999999999998,0.16217499999999999,0.122025,0.09519999999999999,0.1336,0.1243,0.14926875,0.14255833333333331,0.12369999999999999,0.1432375,0.13616666666666666,0.10974999999999999
1999-04,0.0504,0.1126,0.0884875,0.08274999999999999,0.081025,0.06865,0.066,0.07125,0.0571,0.091925,0.09077916666666667,0.07699999999999999,0.0690625,0.068925,0.06155
1999-05,-0.049800000000000004,-0.0529875,-0.036675,-0.014700000000000001,-0.05075,-0.035774999999999994,-0.015700000000000002,-0.0651,-0.054000000000000006,-0.059043750000000006,-0.05158750000000001,-0.039900000000000005,-0.052375000000000005,-0.04684166666666667,-0.034850000000000006
1999-06,0.1087,0.1279625,0.14195000000000002,0.14255,0.113225,0.09235,0.1058,0.19995,0.1591,0.16395625,0.15662083333333332,0.17125,0.1361625,0.12155833333333332,0.13245
1999-07,0.10319999999999999,0.0981375,0.10693749999999999,0.1187,0.10250000000000001,0.13445000000000001,0.1481,0.12015,0.1457,0.10914375000000001,0.10840833333333333,0.119425,0.1241,0.12755000000000002,0.1469
1999-08,0.0319,0.0383375,0.030937500000000003,0.0289,0.047725,0.016774999999999998,0.011000000000000001,0.08505000000000001,0.10550000000000001,0.061693750000000006,0.05144166666666667,0.056975000000000005,0.0766125,0.05666666666666667,0.05825
1999-09,0.0721,0.033162500000000004,0.048,0.014499999999999999,0.063325,0.064525,0.0218,0.0943,0.1121,0.06373125,0.0584875,0.0544,0.0877125,0.07998333333333334,0.06695000000000001
1999-10,0.066,-0.008825000000000003,0.0135125,-0.038400000000000004,0.017674999999999996,0.039150000000000004,-0.0332,0.05815,0.0984,0.024662499999999997,0.02094583333333333,0.009874999999999998,0.0580375,0.051741666666666665,0.032600000000000004
1999-11,0.07600000000000001,-0.048425,-0.011837499999999999,-0.0902,-0.060475,0.00845,-0.1699,0.1139,0.20850000000000002,0.0327375,0.017879166666666665,0.01185,0.07401250000000001,0.05215833333333334,0.01930000000000001
1999-12,0.0405,-0.0776,-0.027937500000000004,-0.1447,-0.06255,0.024524999999999998,-0.12560000000000002,0.018049999999999997,0.09609999999999999,-0.029775000000000003,-0.029162500000000004,-0.06332499999999999,0.016774999999999998,0.01935833333333333,-0.014750000000000013
2000-01,-0.0495,0.014975,0.001987500000000003,0.07995000000000001,0.026650000000000004,0.0030000000000000027,0.1315,-0.05745,-0.1023,-0.0212375,-0.013495833333333332,0.011250000000000003,-0.037825,-0.024216666666666664,0.014600000000000002
2000-02,-0.0129,-0.0636625,-0.013312499999999996,-0.10565,-0.09475,-0.0019749999999999976,-0.14859999999999998,0.0588,0.0499,-0.0024312499999999994,-0.00605833333333333,-0.023424999999999998,-0.022425,-0.015608333333333335,-0.04934999999999999
2000-03,0.0657,0.09820000000000001,0.0814875,0.0998,0.09317500000000001,0.0759,0.12890000000000001,0.0022000000000000006,-0.0325,0.05020000000000001,0.06062916666666667,0.051000000000000004,0.030337500000000003,0.045525,0.04820000000000001
2000-04,-0.08629999999999999,-0.08181250000000001,-0.073275,-0.04315,-0.042225,-0.045075000000000004,0.018500000000000003,-0.12160000000000001,-0.1155,-0.10170625000000001,-0.09222916666666668,-0.082375,-0.0788625,-0.06760000000000001,-0.0485
2000-05,-0.0705,0.0291875,0.004262500000000002,0.0632,0.030325,-0.023925000000000002,0.1079,-0.0935,-0.1521,-0.03215625,-0.020016666666666665,-0.015149999999999997,-0.060887500000000004,-0.048566666666666675,-0.02210000000000001
2000-06,0.0632,0.12491249999999998,0.10291250000000002,0.129,0.12717499999999998,0.08360000000000001,0.1274,0.0521,0.0432,0.08850625,0.09330833333333333,0.09055,0.0851875,0.08465833333333334,0.08530000000000001
2000-07,-0.118,-0.09915000000000002,-0.102575,-0.10835,-0.11327500000000001,-0.10905000000000001,-0.14880000000000002,-0.15765,-0.1381,-0.12840000000000001,-0.11979166666666667,-0.133,-0.1256875,-0.12014166666666666,-0.14345000000000002
2000-08,0.06960000000000001,0.0398625,0.04032499999999999,0.01,0.0438,0.02035,0.013600000000000001,0.13295,0.1175,0.08640625,0.07104583333333334,0.07147500000000001,0.08065,0.06054999999999999,0.06555
2000-09,-0.0431,-0.012412500000000002,-0.020437499999999997,0.023450000000000002,0.005525000000000002,-0.0002500000000000002,0.057800000000000004,-0.0566,-0.0451,-0.03450625,-0.02981666666666667,-0.016575,-0.0197875,-0.013275,0.0063500000000000015
2000-10,-0.0701,-0.04865,-0.05025,0.010750000000000003,-0.006249999999999999,-0.026424999999999997,0.10800000000000001,-0.10590000000000001,-0.0922,-0.07727500000000001,-0.06826666666666667,-0.047575000000000006,-0.049225000000000005,-0.041625,0.007900000000000004
2000-11,-0.025199999999999997,0.013224999999999997,0.001087499999999999,-0.013300000000000003,0.005350000000000002,-0.011425000000000001,-0.049800000000000004,-0.01725,-0.0454,-0.002012500000000002,-0.0009791666666666688,-0.015275000000000002,-0.020025,-0.017158333333333334,-0.0476
2000-12,-0.0939,-0.056425,-0.0671875,-0.05550000000000001,-0.05405,-0.07647500000000002,-0.07730000000000001,-0.0968,-0.0862,-0.0766125,-0.07347083333333333,-0.07615,-0.07012499999999999,-0.07224166666666666,-0.08175
2001-01,-0.0025000000000000005,-0.0122875,-0.0012875000000000004,0.01835,-0.01675,0.0016749999999999994,0.0451,-0.029200000000000004,-0.052300000000000006,-0.020743750000000002,-0.014258333333333336,-0.005425000000000001,-0.034525,-0.022458333333333334,-0.0036000000000000025
2001-02,-0.0514,0.0250625,0.0032125,0.042050000000000004,0.014475000000000002,-0.008499999999999997,0.038900000000000004,-0.0143,-0.022099999999999998,0.005381250000000001,0.004658333333333334,0.013875000000000002,-0.003812499999999998,-0.005374999999999998,0.008400000000000003
2001-03,-0.037899999999999996,-0.024200000000000003,-0.025925000000000004,-0.0218,-0.040225000000000004,-0.026350000000000002,-0.0183,-0.031100000000000003,-0.0383,-0.02765,-0.027075000000000002,-0.02645,-0.039262500000000006,-0.034958333333333334,-0.0283
2001-04,0.0909,0.14281249999999998,0.1106,0.12705,0.13435,0.1067,0.135,0.1142,0.1043,0.12850625,0.12253750000000001,0.120625,0.119325,0.11511666666666666,0.11965
2001-05,0.0019000000000000002,0.008237499999999998,0.018074999999999997,0.015299999999999998,0.0032000000000000006,-0.005974999999999999,-0.0116,0.0184,0.011000000000000001,0.013318749999999999,0.014904166666666665,0.016849999999999997,0.0071,0.002741666666666668,-0.00029999999999999905
2001-06,-0.05059999999999999,-0.004275,-0.0228125,0.01285,-0.017625000000000002,-0.02972500000000001,-0.0012,-0.00645,-0.0089,-0.0053625,-0.011179166666666665,0.0032,-0.0132625,-0.018750000000000003,-0.00505
2001-07,-0.08629999999999999,-0.058812500000000004,-0.0775875,-0.0797,-0.0589,-0.07805000000000001,-0.0872,-0.05495,-0.0432,-0.05688125,-0.06378333333333334,-0.067325,-0.05105,-0.06005000000000001,-0.06520000000000001
2001-08,-0.024,0.0489,0.005999999999999997,0.037899999999999996,0.040999999999999995,-0.015875,0.043,0.0211,-0.0031,0.035,0.025333333333333333,0.0295,0.018949999999999998,0.007341666666666666,0.01995
2001-09,-0.07410000000000001,-0.09630000000000001,-0.0810625,-0.1372,-0.09575,-0.06575,-0.1604,-0.07435,-0.0652,-0.08532500000000001,-0.08390416666666667,-0.105775,-0.08047499999999999,-0.07556666666666667,-0.11279999999999998
2001-10,0.0102,0.0024250000000000005,0.0208125,0.0092,-0.0058249999999999994,0.007875,-0.0025,0.01235,0.0014000000000000002,0.0073875,0.0118625,0.010775,-0.0022124999999999996,0.0011500000000000002,-0.0005499999999999999
2001-11,-0.016300000000000002,-0.05689999999999999,-0.045387500000000004,-0.05779999999999999,-0.062525,-0.0412,-0.0642,-0.07105,-0.0768,-0.063975,-0.057779166666666666,-0.064425,-0.06966249999999999,-0.060175,-0.0705
2001-12,-0.0808,-0.09081249999999999,-0.09334999999999999,-0.08814999999999999,-0.0725,-0.07557499999999999,-0.0576,-0.07844999999999999,-0.0537,-0.08463124999999999,-0.08753749999999999,-0.08329999999999999,-0.06309999999999999,-0.06725833333333332,-0.05565
2002-01,-0.07680000000000001,-0.0502125,-0.052475,-0.031799999999999995,-0.05935,-0.06415,-0.0281,-0.0702,-0.092,-0.06020625,-0.05762916666666667,-0.051,-0.07567499999999999,-0.07183333333333333,-0.06005
2002-02,0.0521,0.0858,0.06801249999999999,0.1225,0.08727499999999999,0.0652,0.1331,0.0432,0.033,0.0645,0.06567083333333333,0.08285000000000001,0.060137499999999997,0.06182499999999999,0.08305
2002-03,0.0576,0.0331375,0.057550000000000004,0.07264999999999999,0.018125,0.04725,-0.005,0.015250000000000001,0.012,0.02419375,0.035312500000000004,0.043949999999999996,0.0150625,0.025791666666666668,0.0035
2002-04,0.0536,0.0613,0.05477500000000001,0.0749,0.06445000000000001,0.045875,0.0716,0.05865000000000001,0.0587,0.059975,0.05824166666666667,0.066775,0.061575000000000005,0.05634166666666667,0.06515
2002-05,0.07239999999999999,0.11286249999999998,0.09512499999999999,0.1297,0.10885,0.0808,0.1114,0.059550000000000006,0.0302,0.08620624999999998,0.08917916666666666,0.09462500000000001,0.069525,0.07328333333333333,0.0708
2002-06,-0.046599999999999996,-0.0292125,-0.0309875,-0.03505,-0.037275,-0.03535,-0.0361,-0.02015,-0.024399999999999998,-0.024681250000000002,-0.026783333333333336,-0.0276,-0.0308375,-0.032341666666666664,-0.03025
2002-07,-0.0589,-0.02835,-0.03245,-0.033100000000000004,-0.041525,-0.044225,-0.032,-0.035100000000000006,-0.07200000000000001,-0.031725,-0.03196666666666667,-0.034100000000000005,-0.05676250000000001,-0.052583333333333336,-0.052000000000000005
2002-08,-0.012799999999999999,-0.0236625,-0.01845,-0.030100000000000002,-0.023600000000000003,-0.020925,-0.0345,-0.01795,-0.0203,-0.02080625,-0.02002083333333333,-0.024025,-0.02195,-0.02160833333333333,-0.0274
2002-09,-0.04800000000000001,-0.032350000000000004,-0.055325,-0.04515,-0.01455,-0.06340000000000001,-0.0262,-0.05045,-0.047400000000000005,-0.041400000000000006,-0.04604166666666667,-0.0478,-0.030975000000000003,-0.04178333333333334,-0.0368
2002-10,-0.0663,-0.0938375,-0.0756375,-0.1073,-0.11325,-0.06315,-0.1211,-0.054849999999999996,-0.0362,-0.07434375,-0.074775,-0.08107500000000001,-0.074725,-0.07086666666666668,-0.07865
2002-11,0.0315,-0.012649999999999998,0.007349999999999999,0.017349999999999997,0.0027249999999999983,0.03895,0.044199999999999996,0.0133,0.041299999999999996,0.00032500000000000064,0.0026666666666666666,0.015324999999999998,0.022012499999999997,0.02765833333333333,0.042749999999999996
2002-12,-0.0231,-0.0038000000000000013,-0.0167875,-0.0218,-0.015225000000000002,-0.028225,-0.0437,-0.0006000000000000001,-0.0044,-0.0022000000000000006,-0.0070625,-0.0112,-0.009812500000000002,-0.015950000000000002,-0.024050000000000002
2003-01,-0.0331,0.016925,0.0106625,0.04825,-0.009225,-0.010675,0.0311,-0.010149999999999998,-0.042199999999999994,0.0033875000000000008,0.005812500000000001,0.01905,-0.0257125,-0.0207,-0.005549999999999998
2003-02,0.0155,0.0703375,0.0553,0.09480000000000001,0.065775,0.059375000000000004,0.13140000000000002,0.0413,0.030600000000000002,0.05581875,0.05564583333333334,0.06805,0.0481875,0.051916666666666667,0.08100000000000002
2003-03,-0.028300000000000002,0.0016625000000000008,-0.014487499999999999,-0.020499999999999997,-0.0010999999999999968,-0.0289,-0.035699999999999996,-0.00765,-0.0218,-0.0029937499999999994,-0.006824999999999999,-0.014074999999999999,-0.011449999999999998,-0.017266666666666666,-0.028749999999999998
2003-04,0.0119,0.04387500000000001,0.04957500000000001,0.052750000000000005,0.012,0.03485,0.0134,0.0449,0.0449,0.04438750000000001,0.046116666666666674,0.04882500000000001,0.028450000000000003,0.030583333333333334,0.029150000000000002
2003-05,0.0462,0.07454999999999999,0.058524999999999994,0.07855,0.043025,0.030824999999999998,0.0335,0.0323,0.0137,0.053425,0.055125,0.055425,0.0283625,0.029183333333333335,0.023600000000000003
2003-06,0.0722,0.13952499999999998,0.11831249999999999,0.21295,0.13505,0.107075,0.23120000000000002,0.051449999999999996,0.06269999999999999,0.09548749999999999,0.10309583333333332,0.13219999999999998,0.09887499999999999,0.10160833333333334,0.14695
2003-07,0.0354,0.0142375,0.0142375,0.00245,0.027275,0.01415,0.0028000000000000004,0.0199,0.0184,0.01706875,0.016125,0.011175000000000001,0.0228375,0.019941666666666667,0.0106
2003-08,0.0986,0.12761250000000002,0.105325,0.17335,0.1474,0.10235,0.2168,0.10075,0.0883,0.11418125000000001,0.11122916666666667,0.13705,0.11785000000000001,0.11268333333333334,0.15255
2003-09,0.0756,0.07578750000000001,0.0908125,0.10450000000000001,0.062425,0.059875,0.046900000000000004,0.08145000000000001,0.0758,0.07861875000000002,0.08268333333333334,0.092975,0.06911250000000001,0.06603333333333333,0.06135
2003-10,0.0423,0.055012500000000006,0.0501625,0.07475,0.072475,0.040275000000000005,0.1275,0.06415,0.04650000000000001,0.05958125,0.05644166666666667,0.06945,0.0594875,0.05308333333333334,0.08700000000000001
2003-11,-0.038,-0.0737375,-0.062287499999999996,-0.10915,-0.063025,-0.0436,-0.11019999999999999,-0.08635000000000001,-0.0862,-0.08004375,-0.07412500000000001,-0.09775,-0.0746125,-0.064275,-0.0982
2003-12,0.06549999999999999,0.084225,0.070125,0.11580000000000001,0.09680000000000001,0.07210000000000001,0.1233,0.0695,0.0819,0.0768625,0.07461666666666666,0.09265000000000001,0.08935000000000001,0.08360000000000001,0.1026
2004-01,0.020499999999999997,0.0571875,0.044975,0.046950000000000006,0.020775,0.024675,0.0199,0.05575,0.016200000000000003,0.05646875,0.052637500000000004,0.05135000000000001,0.0184875,0.02055,0.018050000000000004
2004-02,-0.0002000000000000001,0.015199999999999998,0.0066,0.01915,0.0037500000000000007,-0.0014749999999999993,-0.0154,-0.0126,-0.0109,0.001299999999999999,0.0030666666666666668,0.003275,-0.0035749999999999996,-0.0028749999999999995,-0.01315
2004-03,0.1512,0.233175,0.19475,0.25529999999999997,0.18917499999999998,0.134575,0.1834,0.24285,0.2284,0.23801250000000002,0.22359166666666666,0.249075,0.2087875,0.18404999999999996,0.2059
2004-04,-0.0446,-0.0255125,-0.006812499999999999,-0.0029500000000000004,-0.050824999999999995,-0.042975,-0.0187,0.0016500000000000022,-0.041299999999999996,-0.01193125,-0.010225,-0.0006499999999999991,-0.04606249999999999,-0.045033333333333335,-0.03
2004-05,-0.0329,-0.052700000000000004,-0.047787500000000004,-0.06815,-0.0303,-0.022649999999999997,-0.0356,-0.07454999999999999,-0.0588,-0.063625,-0.05834583333333334,-0.07135,-0.04455,-0.03725,-0.0472
2004-06,0.0547,0.08237499999999999,0.08685,0.07495,0.0675,0.056874999999999995,0.0588,0.0846,0.051399999999999994,0.08348749999999999,0.08460833333333333,0.079775,0.05945,0.05859166666666666,0.055099999999999996
2004-07,-0.0668,-0.0402125,-0.047725000000000004,-0.02465,-0.04575,-0.049825,-0.0315,-0.09935,-0.1045,-0.06978124999999999,-0.06242916666666667,-0.062,-0.075125,-0.06669166666666666,-0.068
2004-08,0.011,0.019862499999999998,0.0156375,0.0233,0.013149999999999998,0.008225000000000001,0.0092,0.0313,0.0414,0.02558125,0.022266666666666667,0.0273,0.027275,0.020925,0.0253
2004-09,-0.0307,-0.0141375,-0.0315625,-0.02,-0.013250000000000001,-0.027274999999999997,-0.0144,-0.0503,-0.0535,-0.03221875,-0.032,-0.03515,-0.033375,-0.031341666666666664,-0.03395
2004-10,0.0249,0.025762499999999997,0.020725,0.0177,0.016050000000000002,0.022125,0.0161,0.018349999999999998,0.0184,0.02205625,0.021612499999999996,0.018025,0.017225,0.018858333333333335,0.01725
2004-11,0.0396,0.0322375,0.0247125,0.02785,0.029574999999999997,0.022025000000000003,0.005600000000000001,0.02985,0.0322,0.031043750000000002,0.028933333333333335,0.02885,0.0308875,0.027933333333333334,0.0189
2004-12,0.0519,0.056125,0.0402875,0.04875,0.06330000000000001,0.0382,0.046900000000000004,0.0528,0.059000000000000004,0.0544625,0.0497375,0.050775,0.06115000000000001,0.0535,0.052950000000000004
2005-01,-0.0104,0.0283625,0.01805,0.026099999999999995,-0.0011250000000000001,-0.016075,-0.0134,0.033100000000000004,0.006999999999999999,0.03073125,0.026504166666666665,0.0296,0.0029374999999999996,-0.0034000000000000002,-0.0032000000000000006
2005-02,0.0187,0.044187500000000005,0.038175,0.05265,0.025275,0.03215,0.0484,0.0238,-0.0011,0.03399375,0.0353875,0.038225,0.0120875,0.018775,0.02365
2005-03,-0.013000000000000001,0.021362500000000006,0.0036249999999999993,0.01895,0.0113,-0.009200000000000002,0.0019,-0.0008499999999999992,-0.011699999999999999,0.010256250000000003,0.008045833333333335,0.00905,-0.00019999999999999966,-0.0032,-0.004899999999999999
2005-04,-0.0196,0.008825000000000001,-0.0015874999999999993,0.0224,-0.0033750000000000004,-0.02175,-0.0060999999999999995,4.99999999999997e-05,-0.0074,0.0044375000000000005,0.002429166666666667,0.011224999999999999,-0.0053875,-0.010841666666666666,-0.00675
2005-05,-0.0237,-0.032125,-0.021712499999999996,-0.02105,-0.019575000000000002,-0.021224999999999997,-0.019299999999999998,-0.037450000000000004,-0.023700000000000002,-0.0347875,-0.030429166666666663,-0.02925,-0.021637500000000004,-0.021500000000000002,-0.0215
2005-06,0.009600000000000001,0.01285,0.017925000000000003,0.015799999999999998,0.01735,0.016175000000000002,0.026099999999999998,0.0234,0.022099999999999998,0.018125000000000002,0.018058333333333332,0.0196,0.019725,0.018541666666666665,0.024099999999999996
2005-07,0.009,0.016450000000000003,0.014424999999999999,0.02805,0.00835,0.009874999999999998,0.020099999999999996,0.0275,0.026000000000000002,0.021975,0.01945833333333333,0.027775,0.017175000000000003,0.014741666666666667,0.02305
2005-08,0.0697,0.043699999999999996,0.045,0.0236,0.047525000000000005,0.0519,0.0138,0.058550000000000005,0.0825,0.051125000000000004,0.04908333333333333,0.041075,0.0650125,0.06064166666666667,0.04815
2005-09,0.0822,0.0520875,0.0551375,0.037000000000000005,0.058525,0.076375,0.0274,0.06745,0.1002,0.059768749999999995,0.058225,0.052225,0.0793625,0.07836666666666665,0.0638
2005-10,-0.0007999999999999995,0.003737500000000002,-0.0007749999999999988,-0.0282,0.0036250000000000015,-0.024425000000000002,-0.0482,0.0284,0.0226,0.016068750000000003,0.010454166666666667,0.00010000000000000113,0.0131125,0.0005999999999999998,-0.0128
2005-11,0.032400000000000005,0.0199375,0.023299999999999998,0.031049999999999998,0.002324999999999999,0.004924999999999997,-0.0347,0.0358,0.0253,0.027868749999999998,0.026345833333333332,0.033424999999999996,0.013812499999999998,0.010849999999999999,-0.004700000000000001
2005-12,0.09769999999999998,0.0737875,0.09476250000000001,0.06845000000000001,0.05345,0.0719,0.0504,0.1343,0.1165,0.10404375,0.10095000000000003,0.101375,0.084975,0.08061666666666667,0.08345
2006-01,0.038900000000000004,0.040499999999999994,0.034624999999999996,0.03985,0.037175,0.0353,0.0434,0.0303,0.0216,0.0354,0.03514166666666666,0.035074999999999995,0.0293875,0.03135833333333333,0.0325
2006-02,-0.0224,-0.013425,-0.023137500000000002,0.015499999999999998,0.011725,0.00465,0.053,-0.06105000000000001,-0.044800000000000006,-0.03723750000000001,-0.032537500000000004,-0.022775000000000004,-0.016537500000000004,-0.009475000000000003,0.004099999999999996
2006-03,0.030399999999999996,0.0205125,0.013412499999999997,0.0023999999999999994,0.018574999999999998,0.003199999999999999,-0.024900000000000002,0.034699999999999995,0.0368,0.02760625,0.022874999999999996,0.018549999999999997,0.027687499999999997,0.019524999999999997,0.005949999999999999
2006-04,0.024499999999999997,0.021475,0.025412499999999998,0.02665,0.036425,0.031975,0.0611,0.01,0.0062,0.0157375,0.0189625,0.018325,0.021312499999999998,0.024866666666666665,0.03365
2006-05,-0.06970000000000001,-0.06467499999999998,-0.0510875,-0.0397,-0.0622,-0.021225,-0.0113,-0.09820000000000001,-0.0968,-0.0814375,-0.07132083333333333,-0.06895000000000001,-0.0795,-0.060074999999999996,-0.05405
2006-06,-0.0137,-0.02975,-0.024737500000000003,-0.01905,-0.017849999999999998,-0.015974999999999996,-0.0085,-0.01925,-0.0062,-0.0245,-0.024579166666666666,-0.01915,-0.012025,-0.013341666666666663,-0.007350000000000001
2006-07,-0.018000000000000002,-0.021187499999999998,-0.03408750000000001,-0.001299999999999999,-0.01125,-0.010750000000000001,0.0088,-0.044399999999999995,-0.0134,-0.032793749999999997,-0.033225,-0.022849999999999995,-0.012325,-0.0118,-0.0023
2006-08,0.0173,0.00027500000000000007,0.0225625,-4.99999999999997e-05,0.004875,0.021075,0.0102,0.016550000000000002,0.0098,0.008412500000000002,0.01312916666666667,0.00825,0.0073375,0.011916666666666667,0.01
2006-09,-0.0166,-0.023625,-0.017925,-0.01935,-0.02205,-0.013825,-0.0189,-0.0208,-0.0161,-0.0222125,-0.020783333333333334,-0.020075,-0.019075,-0.017325000000000004,-0.0175
2006-10,0.0166,-0.004475,0.006012499999999999,0.0037,0.00455,0.01825,0.0222,0.0059,0.0167,0.0007125,0.0024791666666666664,0.0048000000000000004,0.010624999999999999,0.013166666666666667,0.019450000000000002
2006-11,-0.0003000000000000008,-0.0038874999999999995,-0.002875000000000001,0.00375,0.005724999999999999,0.0151,0.0281,-0.0049,0.0036,-0.00439375,-0.0038875,-0.000575,0.0046625,0.008141666666666667,0.01585
2006-12,0.0182,0.012,0.01735,0.0246,0.010975,0.016425,0.0089,0.025949999999999997,0.047599999999999996,0.018975,0.018433333333333333,0.025275,0.029287499999999998,0.024999999999999998,0.028249999999999997
2007-01,0.008400000000000001,0.0115875,0.005837500000000001,-0.009649999999999999,0.02395,0.014150000000000001,0.028900000000000002,0.00605,0.0003,0.00881875,0.007825,-0.0017999999999999995,0.012125,0.0128,0.014600000000000002
2007-02,0.0384,0.046325,0.0395875,0.0548,0.047325,0.042499999999999996,0.057699999999999994,0.0332,0.0378,0.0397625,0.03970416666666667,0.044,0.0425625,0.042541666666666665,0.04775
2007-03,-0.012700000000000001,0.008862499999999999,-0.012512500000000001,0.0031000000000000003,0.010674999999999999,-0.015275,-0.0063,-0.00545,-0.0106,0.0017062499999999994,-0.003033333333333334,-0.0011749999999999998,3.749999999999934e-05,-0.005066666666666667,-0.00845
2007-04,-0.0231,-0.016974999999999997,-0.027975,-0.02215,-0.01785,-0.032225000000000004,-0.0432,-0.00345,-0.008,-0.0102125,-0.016133333333333333,-0.012799999999999999,-0.012925,-0.019358333333333335,-0.0256
2007-05,0.0078,-0.022700000000000005,-0.006762500000000001,-0.0489,-0.018225,0.001749999999999998,-0.0626,-0.00075,0.0021,-0.011725000000000003,-0.010070833333333336,-0.024825,-0.0080625,-0.004791666666666668,-0.030250000000000003
2007-06,0.0007999999999999999,0.003562499999999999,0.0034624999999999994,-0.03125,-0.008249999999999999,-0.016075,-0.053,0.023549999999999998,0.0062,0.013556249999999999,0.010191666666666667,-0.003850000000000001,-0.0010249999999999994,-0.0060416666666666665,-0.0234
2007-07,-0.00019999999999999966,0.0031375,-0.006275000000000001,-0.0053,-0.003925,-0.021,-0.019,0.0211,0.013300000000000001,0.012118750000000001,0.0059875,0.0079,0.004687500000000001,-0.0038750000000000004,-0.0028499999999999992
2007-08,-0.0338,-0.034437499999999996,-0.0249625,0.0055,-0.023924999999999995,2.499999999999985e-05,0.0282,-0.04295,-0.037000000000000005,-0.03869375,-0.03411666666666666,-0.018725000000000002,-0.0304625,-0.0203,-0.004400000000000003
2007-09,0.0173,0.003575,0.0017749999999999988,0.0091,0.011625,0.016925,0.0287,0.038900000000000004,0.0555,0.021237500000000003,0.014750000000000001,0.024,0.0335625,0.028016666666666665,0.0421
2007-10,0.0039000000000000003,-0.014037499999999998,0.005162500000000001,-0.0282,-0.0034249999999999992,-0.008150000000000001,-0.0264,-5.0000000000000565e-05,-0.0115,-0.00704375,-0.0029749999999999998,-0.014125,-0.0074624999999999995,-0.007691666666666666,-0.01895
2007-11,-0.0195,-0.030375,-0.021775000000000006,-0.02035,-0.025975,-0.0016750000000000003,-0.0161,-0.05115,-0.0546,-0.0407625,-0.03443333333333334,-0.035750000000000004,-0.040287500000000004,-0.02741666666666667,-0.03535
2007-12,-0.037200000000000004,-0.016975,-0.02875,0.030499999999999996,-0.0012750000000000053,-0.019975000000000007,0.07139999999999999,-0.05045,-0.0379,-0.0337125,-0.032058333333333335,-0.009975000000000003,-0.019587500000000004,-0.01971666666666667,0.016749999999999994
2008-01,-0.046900000000000004,-0.037025,-0.050075,-0.0581,-0.037775,-0.040575,-0.06,-0.060700000000000004,-0.0799,-0.0488625,-0.049266666666666674,-0.0594,-0.0588375,-0.05275,-0.06995
2008-02,0.0114,0.012450000000000001,0.0101625,-0.0238,0.001749999999999998,-0.009775,-0.0626,0.03269999999999999,0.0278,0.022574999999999998,0.0184375,0.004449999999999996,0.014774999999999998,0.006591666666666665,-0.017400000000000002
2008-03,-0.0354,-0.011525,-0.010362500000000002,0.01495,-0.031025,-0.02075,-0.0236,-0.0068000000000000005,-0.013500000000000002,-0.0091625,-0.009562500000000002,0.004075,-0.0222625,-0.021758333333333334,-0.01855
2008-04,0.064,0.023799999999999998,0.0148375,-0.007800000000000001,0.04915,0.031625,0.0184,0.0038000000000000013,0.024300000000000002,0.0138,0.014145833333333335,-0.002,0.036725,0.035025,0.02135
2008-05,0.022099999999999998,0.047875,0.038875,0.0713,0.0499,0.03755,0.1157,0.007899999999999999,0.0059,0.0278875,0.03155,0.0396,0.0279,0.031116666666666667,0.0608
2008-06,-0.06440000000000001,-0.029325,-0.0373,-0.0018,-0.041475,-0.037474999999999994,-0.0026,-0.03675,-0.04019999999999999,-0.0330375,-0.034458333333333334,-0.019275,-0.0408375,-0.03971666666666666,-0.021399999999999995
2008-07,-0.0297,-0.02085,-0.019387499999999995,0.007600000000000001,-0.004650000000000001,0.004575000000000001,0.0379,-0.03195,-0.0412,-0.0264,-0.024062499999999997,-0.012174999999999998,-0.022925,-0.013758333333333332,-0.0016499999999999987
2008-08,-0.0423,-0.0653625,-0.0719125,-0.0937,-0.038925,-0.038875,-0.052300000000000006,-0.03515,-0.0191,-0.05025625,-0.057475,-0.06442500000000001,-0.0290125,-0.0323,-0.0357
2008-09,-0.1035,-0.09407499999999999,-0.11735000000000001,-0.11955,-0.1162,-0.137675,-0.1663,-0.08945,-0.1057,-0.0917625,-0.10029166666666667,-0.10450000000000001,-0.11095,-0.11985833333333333,-0.136
2008-10,-0.13470000000000001,-0.11565,-0.1155375,-0.1254,-0.152175,-0.10874999999999999,-0.1263,-0.08135,-0.08990000000000001,-0.0985,-0.10417916666666667,-0.10337500000000001,-0.1210375,-0.11694166666666665,-0.1081
2008-11,0.0007999999999999999,0.034987500000000005,0.04263750000000001,0.05725,0.05745,0.049425000000000004,0.1373,0.057999999999999996,0.0555,0.04649375,0.04520833333333333,0.057624999999999996,0.056475,0.054125,0.0964
2008-12,0.0857,0.12891249999999999,0.12447500000000002,0.19365,0.14925,0.135475,0.2186,0.09985000000000001,0.10980000000000001,0.11438124999999999,0.11774583333333333,0.14675,0.129525,0.13150833333333334,0.1642
2009-01,-0.065,-0.06380000000000001,-0.0732875,-0.11045,-0.09327500000000001,-0.08965000000000001,-0.13970000000000002,-0.053200000000000004,-0.07730000000000001,-0.05850000000000001,-0.06342916666666668,-0.08182500000000001,-0.08528750000000002,-0.08674166666666668,-0.10850000000000001
2009-02,-0.1192,-0.13306249999999997,-0.14397500000000002,-0.1782,-0.12129999999999999,-0.12945,-0.1684,-0.1266,-0.1325,-0.12983124999999998,-0.13454583333333334,-0.15239999999999998,-0.1269,-0.12775,-0.15045
2009-03,0.013200000000000002,0.05280000000000001,0.027437499999999997,0.08605,0.048975,-0.005275,0.053,-0.027350000000000003,-0.062400000000000004,0.012725000000000002,0.017629166666666668,0.02935,-0.006712500000000003,-0.006233333333333336,-0.004700000000000003
2009-04,0.0806,0.0608375,0.0611125,0.08095,0.07405,0.0697,0.0901,0.0075,0.0074,0.03416875,0.04315,0.044225,0.040725000000000004,0.05038333333333333,0.04875
2009-05,0.10890000000000001,0.1216125,0.13202500000000003,0.1386,0.099925,0.0964,0.0478,0.08135,0.0746,0.10148125,0.1116625,0.109975,0.08726249999999999,0.09030833333333332,0.061200000000000004
2009-06,0.0286,0.06795,0.0652375,0.1039,0.027824999999999996,0.02085,0.0255,0.037149999999999996,0.026699999999999998,0.05255,0.056779166666666665,0.070525,0.027262499999999995,0.025124999999999998,0.026099999999999998
2009-07,0.0407,0.03325,0.052425,0.048749999999999995,0.04925,0.073325,0.1059,0.0199,0.0116,0.026575,0.03519166666666667,0.034324999999999994,0.030425,0.044724999999999994,0.05875
2009-08,0.034100000000000005,0.0562625,0.05109999999999999,0.0734,0.018825,0.020525,0.0078000000000000005,0.04495,0.0302,0.05060625,0.05077083333333333,0.059175000000000005,0.0245125,0.023183333333333334,0.019
2009-09,-0.0083,-0.02445,-0.0077875,-0.03805,-0.02255,-0.007925000000000001,-0.042300000000000004,0.0058,0.0052,-0.009325,-0.008812500000000001,-0.016125,-0.008675,-0.008425,-0.018550000000000004
2009-10,-0.0229,-0.012400000000000001,-0.003487500000000001,0.029599999999999998,-0.008300000000000002,0.005799999999999999,0.049699999999999994,-0.027950000000000003,-0.027000000000000003,-0.020175000000000002,-0.0146125,0.0008249999999999976,-0.017650000000000002,-0.009833333333333335,0.011349999999999996
2009-11,-0.02,-0.0745,-0.05037499999999999,-0.06915,-0.059250000000000004,-0.022625,-0.0365,-0.060250000000000005,-0.042300000000000004,-0.067375,-0.06170833333333333,-0.06470000000000001,-0.050775,-0.04139166666666667,-0.039400000000000004
2009-12,0.0023,0.0458875,0.0353,0.10665,0.06267500000000001,0.046375,0.1391,0.02935,0.0575,0.03761875,0.036845833333333335,0.068,0.0600875,0.055516666666666666,0.0983
2010-01,0.023399999999999997,0.03835,0.022475000000000002,0.009050000000000002,0.03409999999999999,0.00715,-0.025099999999999997,0.0144,-0.008100000000000001,0.026375000000000003,0.025075,0.011725000000000001,0.012999999999999994,0.011049999999999997,-0.0166
2010-02,0.0076,0.004237499999999999,0.0103,0.0011000000000000003,-0.006925,0.0031750000000000007,-0.0213,0.00085,-0.0019,0.0025437499999999996,0.005129166666666666,0.0009750000000000002,-0.0044125,-0.001883333333333333,-0.0116
2010-03,0.048400000000000006,0.0966625,0.07443749999999999,0.11945,0.08615,0.05942499999999999,0.0967,0.06545,0.0633,0.08105625,0.07884999999999999,0.09245,0.074725,0.069625,0.07999999999999999
2010-04,0.0054,0.054537499999999996,0.03875,0.07865,0.020125000000000004,0.007175000000000002,0.039900000000000005,0.029650000000000003,-0.0039000000000000003,0.04209375,0.04097916666666667,0.054150000000000004,0.008112500000000002,0.007800000000000001,0.018000000000000002
2010-05,-0.07919999999999999,-0.1031125,-0.08151249999999999,-0.11535,-0.10892500000000001,-0.090275,-0.1346,-0.08710000000000001,-0.0929,-0.09510625,-0.090575,-0.10122500000000001,-0.1009125,-0.09736666666666666,-0.11374999999999999
2010-06,-0.0063,-0.0298,-0.0171875,-0.04575,-0.032924999999999996,-0.018625,-0.0435,-0.01575,-0.0231,-0.022775,-0.0209125,-0.03075,-0.028012499999999996,-0.02488333333333333,-0.033299999999999996
2010-07,0.0295,0.0107125,0.016425000000000002,-0.0004999999999999987,0.018225,0.02555,0.018000000000000002,0.03475,0.0481,0.02273125,0.020629166666666667,0.017125,0.0331625,0.030625,0.033049999999999996
2010-08,-0.026,-0.034437499999999996,-0.016325,-0.0054,-0.024175000000000002,-0.0010000000000000009,0.0179,-0.03535,-0.0269,-0.03489375,-0.028704166666666666,-0.020375,-0.0255375,-0.017358333333333333,-0.0045000000000000005
2010-09,0.04700000000000001,0.036437500000000005,0.030162500000000002,0.03265,0.03805,0.024475000000000004,0.0333,0.05360000000000001,0.057800000000000004,0.04501875000000001,0.040066666666666674,0.043125000000000004,0.047925,0.040108333333333336,0.04555000000000001
2010-10,0.0124,-0.004425000000000002,0.0012749999999999988,0.0017500000000000016,0.021625,0.01915,0.0363,-0.003599999999999999,0.0143,-0.0040125000000000004,-0.0022500000000000007,-0.0009249999999999987,0.0179625,0.018358333333333334,0.0253
2010-11,0.019799999999999998,0.032100000000000004,0.023024999999999997,0.0294,0.017974999999999998,0.01065,0.008,0.02205,0.0134,0.027075000000000002,0.025724999999999998,0.025724999999999998,0.0156875,0.014008333333333333,0.010700000000000001
2010-12,0.0756,0.09633749999999999,0.0828,0.0691,0.07345,0.053700000000000005,0.015300000000000001,0.09595000000000001,0.0791,0.09614375,0.09169583333333335,0.082525,0.07627500000000001,0.06875,0.047200000000000006
2011-01,0.0041,0.0248625,0.011725,0.019299999999999998,0.0034750000000000007,0.003025,0.0154,0.0225,0.0108,0.02368125,0.019695833333333333,0.0209,0.007137500000000001,0.005766666666666667,0.0131
2011-02,0.048400000000000006,0.054225,0.052575000000000004,0.04240000000000001,0.047950000000000007,0.0553,0.049800000000000004,0.0529,0.0479,0.0535625,0.053233333333333334,0.047650000000000005,0.047925,0.050383333333333336,0.048850000000000005
2011-03,-0.0866,-0.051625,-0.06987499999999999,-0.027349999999999996,-0.0884,-0.09054999999999999,-0.06849999999999999,-0.07335,-0.0696,-0.0624875,-0.06495,-0.05035,-0.079,-0.08285,-0.06905
2011-04,0.0078000000000000005,-0.0092375,0.0014875,-0.00675,0.001775,0.00455,0.0151,0.016399999999999998,0.0276,0.0035812499999999994,0.002883333333333333,0.004824999999999999,0.0146875,0.011308333333333332,0.02135
2011-05,-0.016200000000000003,-0.029399999999999996,-0.019424999999999998,-0.017099999999999997,-0.01745,-0.019874999999999997,0.008,-0.014849999999999999,-0.0128,-0.022125,-0.021224999999999997,-0.015974999999999996,-0.015125,-0.016708333333333332,-0.0024000000000000002
2011-06,0.0252,0.047125,0.0437125,0.038,0.0365,0.029500000000000002,0.0195,0.030399999999999996,0.0181,0.0387625,0.0404125,0.034199999999999994,0.027299999999999998,0.028033333333333337,0.0188
2011-07,0.0403,0.041012499999999986,0.0444375,0.0372,0.039875,0.03025,0.0259,0.048350000000000004,0.055,0.04468124999999999,0.044599999999999994,0.042775,0.0474375,0.041708333333333326,0.04045
2011-08,-0.075,-0.042824999999999995,-0.044175,-0.053500000000000006,-0.06195,-0.05345,-0.063,-0.07225,-0.10339999999999999,-0.05753749999999999,-0.05308333333333334,-0.062875,-0.082675,-0.07293333333333334,-0.0832
2011-09,-0.0046,0.011837499999999999,-1.2500000000000358e-05,0.0127,0.030324999999999998,0.014824999999999998,0.057999999999999996,-0.0344,-0.0336,-0.01128125,-0.0075250000000000004,-0.01085,-0.0016375,0.0038499999999999993,0.012199999999999999
2011-10,-0.011899999999999999,-0.023137500000000002,-0.010624999999999999,0.0151,-0.01535,0.0040750000000000005,0.053,-0.01155,-0.0008,-0.01734375,-0.015104166666666667,0.0017750000000000005,-0.008075,-0.004025,0.026099999999999998
2011-11,-0.0378,-0.018475,-0.033912500000000005,-0.03315,-0.035625000000000004,-0.039175,-0.0533,-0.0295,-0.0421,-0.0239875,-0.027295833333333335,-0.031325,-0.0388625,-0.03896666666666667,-0.0477
2011-12,0.0125,0.030725000000000002,0.027237499999999998,0.04535,0.024,0.01745,0.0462,0.02515,0.018799999999999997,0.0279375,0.02770416666666667,0.035250000000000004,0.0214,0.02008333333333333,0.0325
2012-01,0.042800000000000005,0.06751250000000002,0.03560000000000001,0.051100000000000007,0.03155,0.005549999999999999,-0.0174,0.0445,0.0138,0.05600625000000001,0.04920416666666668,0.0478,0.022675,0.016966666666666668,-0.0017999999999999995
2012-02,0.035,0.010825000000000001,0.00945,-0.00375,-0.0034500000000000017,-0.003575,-0.060700000000000004,-0.0142,-0.013300000000000001,-0.0016874999999999998,0.0020250000000000003,-0.008975,-0.008375,-0.006775000000000001,-0.037000000000000005
2012-03,0.0141,0.0168875,0.0267625,0.011549999999999998,0.0007000000000000001,0.002975,-0.0208,0.0295,0.0308,0.02319375,0.02438333333333333,0.020524999999999998,0.01575,0.011491666666666666,0.005000000000000001
2012-04,-0.0178,-0.015587500000000002,0.0043625,0.0037,-0.026100000000000005,-0.008924999999999999,0.0032,0.0119,-0.005699999999999999,-0.0018437500000000008,0.0002249999999999995,0.0078000000000000005,-0.0159,-0.013574999999999999,-0.0012499999999999996
2012-05,-0.084,-0.09630000000000001,-0.0784125,-0.079,-0.090375,-0.07005,-0.0524,-0.07300000000000001,-0.057800000000000004,-0.08465,-0.08257083333333333,-0.07600000000000001,-0.0740875,-0.07274166666666666,-0.0551
2012-06,0.0471,0.059725,0.041075,0.06665,0.065925,0.0387,0.0726,0.0474,0.0499,0.0535625,0.0494,0.057025,0.0579125,0.05150833333333333,0.06125
2012-07,-0.0183,-0.0744625,-0.0512875,-0.14880000000000002,-0.11645,-0.071025,-0.2464,0.00945,0.0218,-0.03250625,-0.038766666666666665,-0.06967500000000001,-0.047325,-0.055225,-0.11230000000000001
2012-08,-0.0064,-0.0330375,-0.021150000000000002,-0.0531,-0.037825,-0.017225,-0.052000000000000005,0.007299999999999999,0.011899999999999999,-0.012868749999999998,-0.015629166666666666,-0.0229,-0.012962499999999998,-0.014383333333333333,-0.020050000000000002
2012-09,0.0228,0.027674999999999998,0.018299999999999997,0.02985,0.037225,0.0228,0.0475,0.025750000000000002,0.0279,0.0267125,0.023908333333333334,0.027800000000000002,0.0325625,0.029308333333333336,0.0377
2012-10,-0.0189,-0.0218,-0.0173875,-0.018,-0.020075000000000003,-0.021,-0.0128,-0.0163,-0.028999999999999998,-0.019049999999999997,-0.018495833333333333,-0.01715,-0.0245375,-0.02335833333333333,-0.0209
2012-11,0.0172,0.0346,0.0288625,0.0768,0.04625,0.04165,0.1268,0.014199999999999999,0.0169,0.024399999999999998,0.025887500000000004,0.0455,0.031575,0.03493333333333334,0.07185
2012-12,0.038400000000000004,0.09317500000000001,0.0403875,0.10005,0.12687500000000002,0.045700000000000005,0.1589,0.026550000000000004,0.037200000000000004,0.059862500000000006,0.05337083333333333,0.0633,0.08203750000000001,0.06992500000000001,0.09805000000000001
2013-01,0.0378,0.0379125,0.0302125,-0.0038499999999999993,0.028650000000000002,0.010599999999999997,-0.0623,0.065,0.0418,0.05145625,0.044375,0.030575,0.035225,0.027016666666666665,-0.010250000000000002
2013-02,0.0286,0.026725000000000002,0.0284875,0.0179,0.028650000000000002,0.030474999999999995,-0.0043,0.0377,0.0392,0.0322125,0.030970833333333333,0.0278,0.033925,0.032775,0.01745
2013-03,0.055,0.056549999999999996,0.06938749999999999,0.049049999999999996,0.034875,0.048275,0.0525,0.10615,0.0707,0.08134999999999999,0.07736249999999999,0.0776,0.0527875,0.05128333333333333,0.0616
2013-04,0.0895,0.11143750000000001,0.1062625,0.15465,0.142175,0.134675,0.244,0.12419999999999999,0.11779999999999999,0.11781875,0.11396666666666666,0.139425,0.12998749999999998,0.13154999999999997,0.1809
2013-05,-0.053,-0.046725,-0.0243125,0.0291,-0.029525000000000003,-0.0007250000000000017,0.0545,-0.08275,-0.075,-0.0647375,-0.05126250000000001,-0.026825,-0.0522625,-0.035083333333333334,-0.010249999999999999
2013-06,0.0083,-0.014487500000000002,-0.011187500000000001,-0.023500000000000004,0.022600000000000002,0.008374999999999999,-0.003,-0.025350000000000004,0.0231,-0.019918750000000002,-0.017008333333333337,-0.024425000000000002,0.022850000000000002,0.018025,0.01005
2013-07,0.014199999999999999,0.028874999999999998,0.026787500000000002,0.0142,0.018525,0.01925,0.0173,0.0416,0.0148,0.0352375,0.032420833333333336,0.0279,0.0166625,0.017525000000000002,0.016050000000000002
2013-08,-0.0255,-0.0188875,-0.024524999999999998,-0.01025,-0.02275,-0.032125,-0.0076,-0.042550000000000004,-0.034300000000000004,-0.030718750000000003,-0.028654166666666665,-0.026400000000000003,-0.028525000000000002,-0.029725,-0.020950000000000003
2013-09,0.08789999999999999,0.09887499999999999,0.0879125,0.07980000000000001,0.0863,0.0766,0.06,0.13574999999999998,0.1112,0.11731249999999999,0.1075125,0.107775,0.09875,0.09136666666666667,0.0856
2013-10,-0.0023,-0.0035375000000000003,-0.003125,-0.00785,-0.01525,-0.008450000000000001,-0.0298,-0.01105,-0.0109,-0.007293750000000001,-0.005904166666666666,-0.00945,-0.013075,-0.011533333333333333,-0.02035
2013-11,0.0108,0.0042250000000000005,0.0038874999999999995,-0.013349999999999999,0.013425000000000001,0.009675,-0.0075,0.00775,0.02,0.0059875,0.0052875000000000005,-0.0027999999999999995,0.0167125,0.014366666666666666,0.00625
2013-12,0.008,0.0143625,0.0183,0.03560000000000001,0.016725000000000004,0.016775,0.049400000000000006,0.01735,0.0128,0.015856250000000002,0.016670833333333333,0.026475000000000005,0.014762500000000001,0.015433333333333334,0.031100000000000003
2014-01,-0.026600000000000002,-0.004662500000000002,0.0075125,0.0129,-0.036425,-0.018600000000000002,-0.011699999999999999,-0.017449999999999997,-0.043899999999999995,-0.01105625,-0.004866666666666666,-0.0022749999999999984,-0.0401625,-0.032975,-0.0278
2014-02,-0.005600000000000001,-0.015337499999999997,-0.009312500000000001,-0.02105,-0.0026249999999999997,0.01115,0.0116,-0.02785,-0.0077,-0.02159375,-0.017499999999999998,-0.02445,-0.0051625,0.00027500000000000034,0.0019499999999999995
2014-03,-0.0116,-0.0042375,-0.0127375,-0.0169,-0.010725,-0.01985,-0.0155,-0.02055,-0.0268,-0.012393749999999999,-0.012508333333333335,-0.018725,-0.0187625,-0.019125,-0.021150000000000002
2014-04,-0.0233,-0.024200000000000006,-0.010074999999999999,-0.0129,-0.015849999999999996,-0.004649999999999999,0.0132,-0.03505,-0.0395,-0.029625000000000002,-0.02310833333333333,-0.023975,-0.027674999999999998,-0.02,-0.01315
2014-05,0.0379,0.033425,0.03755,0.0373,0.048675,0.048825,0.056299999999999996,0.02785,0.024,0.0306375,0.03294166666666667,0.032575,0.0363375,0.0405,0.04015
2014-06,0.0576,0.0713,0.06255000000000001,0.061200000000000004,0.0635,0.053,0.0507,0.07415000000000001,0.0602,0.07272500000000001,0.06933333333333334,0.06767500000000001,0.06185,0.0589,0.05545
2014-07,0.0077,0.007975,0.0201875,0.02305,0.01015,0.026250000000000002,0.0564,0.03185,0.032,0.0199125,0.020004166666666667,0.027450000000000002,0.021075,0.0228,0.0442
2014-08,-0.0199,0.0010500000000000004,-0.008400000000000001,-0.004300000000000001,-0.007049999999999999,-0.0233,-0.015600000000000001,0.005199999999999999,-0.0084,0.0031249999999999997,-0.0007166666666666672,0.000449999999999999,-0.007724999999999999,-0.012916666666666667,-0.012
2014-09,-0.0105,-0.025862500000000004,-0.022525000000000003,-0.03595,-0.030975,-0.02255,-0.045700000000000005,-0.01855,-0.0121,-0.022206250000000004,-0.022312500000000002,-0.027250000000000003,-0.0215375,-0.021875000000000002,-0.028900000000000002
2014-10,-0.0213,-0.0339,-0.030162499999999995,-0.03585,-0.02725,-0.014925,-0.0329,-0.03165,-0.0151,-0.032775,-0.031904166666666664,-0.03375,-0.021175,-0.01909166666666667,-0.024
2014-11,-0.0005,-0.0113375,-0.0198125,-0.05160000000000001,-0.011800000000000001,-0.03125,-0.10980000000000001,-0.0125,-0.0106,-0.01191875,-0.01455,-0.03205,-0.011200000000000002,-0.017883333333333334,-0.060200000000000004
2014-12,-0.0085,0.0009250000000000009,-0.0022625,-0.0055,-0.012275000000000001,-0.013400000000000002,-0.0127,0.0026500000000000004,-0.0034999999999999996,0.0017875000000000007,0.0004375000000000004,-0.0014249999999999996,-0.0078875,-0.009725000000000001,-0.0081
2015-01,0.027999999999999997,0.041575,0.05072499999999999,0.0701,0.04945,0.06705,0.098,0.040400000000000005,0.0548,0.0409875,0.044233333333333326,0.05525,0.052125000000000005,0.057100000000000005,0.0764
2015-02,0.0542,0.05679999999999999,0.0342625,0.0339,0.08437499999999998,0.04455,0.0406,0.020050000000000002,0.0318,0.038424999999999994,0.037037499999999994,0.026975,0.058087499999999986,0.05357499999999999,0.036199999999999996
2015-03,0.019,-0.0022,0.0143375,0.003,-0.00955,0.004075,-0.0074,0.01925,0.0206,0.008525,0.0104625,0.011125,0.005525,0.0050416666666666665,0.0066
2015-04,0.0349,0.0601125,0.0376125,0.06415,0.0868,0.04565,0.09960000000000001,0.0165,0.0052,0.03830625,0.038075000000000005,0.040325,0.046,0.04588333333333334,0.0524
2015-05,0.0089,0.015437500000000002,0.0020750000000000005,0.013500000000000002,0.022375000000000003,0.004600000000000001,0.016200000000000003,-0.0008,-0.0016,0.007318750000000001,0.005570833333333334,0.006350000000000001,0.010387500000000001,0.008458333333333333,0.007300000000000001
2015-06,-0.0068000000000000005,0.0034750000000000002,0.0160125,0.012450000000000001,-0.014875,0.0033,0.0064,0.0086,-0.0053,0.0060375,0.0093625,0.010525,-0.0100875,-0.005624999999999999,0.0005500000000000001
2015-07,0.0092,0.002724999999999999,0.017974999999999998,0.007450000000000002,0.019525,0.033324999999999994,0.0379,0.005200000000000001,-0.0029,0.0039625,0.008633333333333331,0.006325000000000001,0.0083125,0.016649999999999998,0.0175
2015-08,-0.053,-0.041187499999999995,-0.04043750000000001,-0.0312,-0.047125,-0.04425,-0.0232,-0.0484,-0.056299999999999996,-0.04479374999999999,-0.04334166666666667,-0.0398,-0.051712499999999995,-0.049225,-0.039749999999999994
2015-09,-0.0621,-0.0443875,-0.0547375,-0.046650000000000004,-0.06442500000000001,-0.08485000000000001,-0.0791,-0.05295,-0.0702,-0.04866875,-0.05069166666666667,-0.0498,-0.0673125,-0.07315833333333334,-0.07465
2015-10,0.0926,0.0707125,0.081125,0.07405,0.09234999999999999,0.10497500000000001,0.0754,0.06035,0.0851,0.06553125,0.07072916666666668,0.06720000000000001,0.088725,0.09414166666666667,0.08024999999999999
2015-11,-0.0016,-0.0021625000000000004,0.00455,0.012199999999999999,-0.020325000000000003,-0.012325,0.0037,0.015,-0.0,0.006418749999999999,0.005795833333333333,0.0136,-0.010162500000000001,-0.010883333333333333,0.00185
2015-12,0.0043,0.009049999999999999,0.016225,0.0349,0.018325,0.0248,0.061399999999999996,0.01705,0.0163,0.013049999999999999,0.014108333333333334,0.025974999999999998,0.0173125,0.01980833333333333,0.038849999999999996
2016-01,-0.0757,-0.07694999999999999,-0.051425,-0.035199999999999995,-0.08205,-0.03225,0.0039000000000000003,-0.05885,-0.049699999999999994,-0.06789999999999999,-0.06240833333333332,-0.047025,-0.06587499999999999,-0.05466666666666666,-0.022899999999999997
2016-02,-0.019200000000000002,-0.030275000000000003,-0.008537500000000002,-0.0126,-0.037575,0.0006000000000000014,-0.0036,-0.01135,-0.0073,-0.0208125,-0.016720833333333334,-0.011975,-0.0224375,-0.014758333333333332,-0.00545
2016-03,0.0508,0.0461,0.0544875,0.04239999999999999,0.0372,0.03365,0.025099999999999997,0.07594999999999999,0.049,0.061024999999999996,0.058845833333333326,0.05917499999999999,0.0431,0.03995,0.03705
2016-04,0.0515,0.051387499999999996,0.042499999999999996,0.03725,0.061549999999999994,0.053000000000000005,0.0642,0.04305,0.053,0.04721875,0.04564583333333333,0.04015,0.05727499999999999,0.055850000000000004,0.0586
2016-05,-0.0103,-0.015224999999999999,-0.0144,-0.013099999999999997,-0.021175,-0.018049999999999997,-0.036699999999999997,0.0048,0.0002,-0.0052125,-0.008275,-0.004149999999999999,-0.0104875,-0.013008333333333332,-0.01825
2016-06,-0.024500000000000004,-0.015637499999999995,-0.004850000000000001,0.02475,-0.03232499999999999,0.0028750000000000026,0.0362,0.022850000000000002,0.0297,0.0036062500000000035,0.0007875000000000023,0.0238,-0.001312499999999996,8.333333333333688e-05,0.03295
2016-07,0.0674,0.07695,0.0538125,0.0477,0.0742,0.0491,0.0294,0.0242,0.0197,0.050575,0.05165416666666667,0.035949999999999996,0.04695,0.04766666666666666,0.02455
2016-08,-0.011499999999999998,0.017375,-0.007712499999999999,0.02185,0.039275000000000004,-0.006750000000000001,0.025099999999999997,-0.0617,-0.0764,-0.022162499999999998,-0.01734583333333333,-0.019925,-0.018562499999999996,-0.014624999999999997,-0.02565
2016-09,0.026899999999999997,0.028275,0.047812499999999994,0.04815,0.00935,0.030449999999999998,0.0393,0.0653,0.0509,0.046787499999999996,0.047129166666666666,0.056725,0.030125,0.030233333333333334,0.0451
2016-10,0.0162,0.034,0.0192,0.0117,0.029475,0.00945,0.0005,-0.0005,-0.0013,0.01675,0.017566666666666664,0.0056,0.014087500000000001,0.012541666666666666,-0.00039999999999999996
2016-11,-0.0387,-0.011949999999999999,-0.041975,-0.0338,-0.0024749999999999998,-0.046875,-0.0385,-0.07565,-0.0755,-0.0438,-0.04319166666666666,-0.054724999999999996,-0.0389875,-0.04161666666666666,-0.056999999999999995
2016-12,0.013800000000000002,0.03125,0.034025,0.0708,0.020075000000000003,0.027625,0.048,0.0056,0.0011,0.018425,0.023624999999999997,0.0382,0.010587500000000001,0.01626666666666667,0.02455
2017-01,0.0387,0.037762500000000004,0.030587500000000004,0.009000000000000001,0.027674999999999998,0.019925,-0.003,0.062400000000000004,0.060700000000000004,0.05008125000000001,0.043583333333333335,0.0357,0.044187500000000005,0.0361,0.02885
2017-02,0.011699999999999999,0.03323749999999999,0.028712500000000002,0.0452,0.015875,0.0127,0.0262,0.0216,0.0072,0.027418749999999995,0.027849999999999996,0.0334,0.0115375,0.011925,0.0167
2017-03,0.0087,-0.0015624999999999997,0.013749999999999998,0.0016,-0.0073999999999999995,0.011449999999999998,0.0033,0.025,0.018600000000000002,0.01171875,0.012395833333333333,0.013300000000000001,0.005600000000000001,0.00755,0.010950000000000001
2017-04,0.013000000000000001,0.002,0.0083125,0.0023499999999999997,0.0084,0.0157,0.0174,0.003200000000000001,0.011200000000000002,0.0026000000000000007,0.004504166666666668,0.0027750000000000006,0.0098,0.011766666666666667,0.0143
2017-05,0.030100000000000002,0.0021875,0.0366,0.008199999999999999,-0.002425000000000001,0.041925000000000004,0.0253,0.0477,0.026600000000000002,0.02494375,0.028829166666666666,0.02795,0.012087500000000001,0.022033333333333335,0.02595
2017-06,0.012299999999999998,0.017225,0.0072749999999999985,-0.011500000000000002,0.027274999999999997,0.0078,0.0178,0.0208,0.02,0.0190125,0.0151,0.004649999999999999,0.0236375,0.018358333333333334,0.0189
2017-07,0.024,0.03405,0.0335875,0.03715,0.0181,0.016775,0.0181,0.033100000000000004,0.0217,0.033575,0.03357916666666667,0.035125,0.0199,0.018858333333333335,0.0199
2017-08,0.0039,0.013249999999999998,0.012825,0.0033,-0.0030749999999999996,0.007575,0.0126,0.019750000000000004,0.0034999999999999996,0.0165,0.015275000000000002,0.011525000000000002,0.00021250000000000002,0.0026666666666666666,0.00805
2017-09,0.018000000000000002,0.0233875,0.013787500000000001,0.007499999999999999,0.017075,0.0005999999999999994,-0.0111,0.0275,0.0263,0.02544375,0.021558333333333332,0.017499999999999998,0.0216875,0.014658333333333334,0.0076
2017-10,0.0421,0.03945,0.040925,0.0634,0.031225000000000003,0.03445,0.03,0.0422,0.050499999999999996,0.040825,0.04085833333333334,0.0528,0.040862499999999996,0.038725,0.040249999999999994
2017-11,0.0268,0.014062500000000002,0.026412500000000002,0.013900000000000003,0.006824999999999998,0.011124999999999996,-0.037000000000000005,0.027200000000000002,0.0231,0.020631250000000004,0.022558333333333336,0.020550000000000002,0.014962499999999998,0.01368333333333333,-0.006950000000000003
2017-12,0.0138,0.0284125,0.008237499999999998,-0.001999999999999999,0.026099999999999998,-0.014675,-0.0169,0.0239,0.0075,0.02615625,0.020183333333333334,0.010950000000000001,0.0168,0.0063083333333333325,-0.004699999999999999
2018-01,0.0452,0.0431,0.04588749999999999,0.04255,0.0339,0.028075000000000003,0.0254,0.06305,0.0528,0.053075,0.050679166666666664,0.0528,0.04335,0.03825833333333333,0.039099999999999996
2018-02,-0.0133,-0.013725,-0.0096125,-0.0063999999999999994,-0.006349999999999998,-0.011,0.017,-0.010700000000000001,-0.005699999999999999,-0.012212500000000001,-0.011345833333333333,-0.00855,-0.006024999999999999,-0.007683333333333333,0.0056500000000000005
2018-03,-0.0137,-0.029437500000000002,-0.014037500000000001,-0.026850000000000002,-0.024150000000000005,-0.0031000000000000003,-0.003,-0.017750000000000002,-0.0116,-0.023593750000000004,-0.020408333333333334,-0.0223,-0.017875000000000002,-0.012950000000000001,-0.007299999999999999
2018-04,0.004200000000000001,0.012562500000000002,0.007462500000000004,0.03175000000000001,0.0381,0.031725,0.09210000000000002,-0.02275,-0.0158,-0.0050937499999999985,-0.0009083333333333304,0.004500000000000004,0.01115,0.01800833333333333,0.03815
2018-05,-0.0118,-0.024012500000000003,-0.00585,-0.0143,-0.025375000000000005,-0.010525,-0.0068000000000000005,0.013450000000000002,0.022400000000000003,-0.00528125,-0.0054708333333333345,-0.00042499999999999916,-0.001487500000000001,-0.0045,0.007800000000000001
2018-06,-0.0242,-0.029000000000000005,-0.0233375,-0.015250000000000003,-0.025650000000000003,-0.008525,0.0084,-0.03455,-0.028999999999999998,-0.031775,-0.028962500000000002,-0.0249,-0.027325000000000002,-0.021058333333333335,-0.0103
2018-07,0.00030000000000000014,0.006687499999999999,-2.4999999999999415e-05,0.0037,0.013474999999999999,0.0035000000000000005,0.0067,-0.0176,-0.0242,-0.005456250000000001,-0.003645833333333334,-0.0069500000000000004,-0.0053625,-0.002408333333333333,-0.008749999999999999
2018-08,-0.0027,-0.0101125,0.0013375000000000006,0.0026,-0.0027,0.0014,0.0073,0.0062499999999999995,0.0084,-0.0019312500000000002,-0.0008416666666666668,0.004425,0.0028499999999999997,0.0023666666666666667,0.00785
2018-09,0.0293,0.024512499999999996,0.01795,0.0191,0.038224999999999995,0.031025000000000004,0.0371,0.026850000000000002,0.0425,0.02568125,0.023104166666666665,0.022975000000000002,0.040362499999999996,0.037250000000000005,0.0398
2018-10,-0.0863,-0.07055,-0.0910125,-0.07189999999999999,-0.057449999999999994,-0.08792499999999999,-0.0409,-0.11695,-0.1131,-0.09375,-0.0928375,-0.094425,-0.085275,-0.08615833333333334,-0.077
2018-11,0.0101,-0.011837499999999999,-0.0018624999999999994,-0.045649999999999996,-0.01005,-0.00010000000000000113,-0.0203,0.01235,0.015300000000000001,0.0002562500000000004,-0.0004499999999999996,-0.016649999999999998,0.0026250000000000006,0.0017166666666666667,-0.0024999999999999988
2018-12,-0.0711,-0.070275,-0.07591250000000001,-0.06570000000000001,-0.061625,-0.05375,-0.054400000000000004,-0.0853,-0.0604,-0.07778750000000001,-0.07716250000000001,-0.07550000000000001,-0.0610125,-0.058591666666666674,-0.05740000000000001
2019-01,0.0542,0.045450000000000004,0.048525000000000006,0.0353,0.063225,0.048575,0.044199999999999996,0.03615,0.025,0.0408,0.043375,0.035725,0.0441125,0.0456,0.0346
2019-02,0.004699999999999999,-0.0045125,0.011087499999999998,-0.0052,-0.01365,0.018699999999999998,0.0027,0.01845,0.0159,0.006968750000000001,0.008341666666666666,0.006625000000000001,0.0011250000000000001,0.006983333333333332,0.009300000000000001
2019-03,0.0036,-0.009749999999999998,-0.0012,-0.005599999999999999,-0.013249999999999998,0.0032250000000000004,-0.016399999999999998,0.0073,-0.0008,-0.001224999999999999,-0.001216666666666666,0.0008500000000000005,-0.007024999999999999,-0.0036083333333333328,-0.008599999999999998
2019-04,0.014199999999999999,-0.0040875,0.005687499999999998,-0.0238,-0.014175000000000002,-0.0035250000000000004,-0.0661,-0.0016000000000000003,0.0019,-0.00284375,-7.228014483236697e-19,-0.012700000000000001,-0.006137500000000001,-0.005266666666666667,-0.032100000000000004
2019-05,-0.0359,-0.05005,-0.030999999999999996,-0.0667,-0.068775,-0.036175,-0.10769999999999999,-0.01725,-0.0218,-0.03365,-0.032766666666666666,-0.041975,-0.0452875,-0.04225,-0.06475
2019-06,0.026899999999999997,0.021137499999999997,0.0180875,0.0166,0.029324999999999997,0.020975,0.0288,0.0196,0.024399999999999998,0.020368749999999998,0.019608333333333332,0.018099999999999998,0.026862499999999997,0.024899999999999995,0.0266
2019-07,0.0053,-0.0079625,0.015525,-0.01765,-0.031675,-0.0020999999999999994,-0.0623,0.0078,0.0042,-8.125000000000059e-05,0.005120833333333333,-0.004925,-0.013737500000000001,-0.009858333333333334,-0.02905
2019-08,-0.0112,-0.044312500000000005,-0.021525,-0.048,-0.041575,-0.010575,-0.0447,-0.013349999999999999,-0.0040999999999999995,-0.028831250000000003,-0.026395833333333337,-0.030675,-0.0228375,-0.01875,-0.024399999999999998
2019-09,0.040100000000000004,0.0611625,0.037025,0.06105,0.066925,0.03065,0.0538,0.0207,0.0236,0.04093125,0.03962916666666667,0.040875,0.0452625,0.040391666666666666,0.0387
2019-10,0.049800000000000004,0.0694125,0.06433749999999999,0.08510000000000001,0.058825,0.052099999999999994,0.0681,0.0327,0.0332,0.05105625,0.05548333333333333,0.05890000000000001,0.0460125,0.04804166666666667,0.05065
2019-11,0.0079,0.002875000000000001,0.002575,-0.0161,-0.003175,-0.010750000000000001,-0.0366,0.0236,0.0075,0.0132375,0.009683333333333334,0.00375,0.0021625,-0.0021416666666666667,-0.01455
2019-12,0.022199999999999998,0.027849999999999996,0.024262499999999996,0.01775,0.018000000000000002,0.011275,-0.0138,0.0319,0.028300000000000002,0.029875,0.028004166666666663,0.024825,0.023150000000000004,0.019191666666666666,0.007250000000000001
2020-01,-0.0192,-0.0499,-0.0390125,-0.07075,-0.048725,-0.02325,-0.0613,-0.025249999999999998,-0.0087,-0.037575,-0.03805416666666667,-0.047999999999999994,-0.0287125,-0.026891666666666664,-0.035
2020-02,-0.0997,-0.1255,-0.12443749999999999,-0.1456,-0.10450000000000001,-0.1006,-0.12480000000000001,-0.128,-0.09789999999999999,-0.12675,-0.12597916666666667,-0.1368,-0.1012,-0.10099999999999999,-0.11135
2020-03,-0.0509,-0.101225,-0.079975,-0.1532,-0.1315,-0.067275,-0.1573,-0.03375,-0.0245,-0.0674875,-0.07165,-0.093475,-0.078,-0.074425,-0.0909
2020-04,0.0496,0.0355625,0.06023749999999999,0.05109999999999999,0.033,0.038425,0.0375,0.064,0.0461,0.04978125,0.053266666666666664,0.05755,0.03955,0.039175,0.041800000000000004
2020-05,0.0644,0.0485625,0.06655,0.047799999999999995,0.049775,0.045975,0.0438,0.0667,0.0676,0.057631249999999995,0.06060416666666666,0.057249999999999995,0.0586875,0.05445,0.0557
2020-06,-0.0021000000000000003,-0.027412500000000003,-0.0094625,-0.04235,-0.0341,-0.002175,-0.039,0.019799999999999998,0.0231,-0.0038062500000000023,-0.005691666666666669,-0.011275,-0.0055,-0.004391666666666668,-0.00795
2020-07,-0.0197,-0.055925,-0.0330375,-0.06015000000000001,-0.054725,-0.00975,-0.037200000000000004,0.0016499999999999987,0.0163,-0.027137500000000002,-0.029104166666666667,-0.029250000000000005,-0.0192125,-0.016058333333333338,-0.010450000000000003
2020-08,0.0786,0.0836875,0.0793375,0.061149999999999996,0.10809999999999999,0.0552,0.0642,0.048949999999999994,0.0332,0.06631875,0.07065833333333334,0.055049999999999995,0.07064999999999999,0.0655,0.04869999999999999
2020-09,0.022199999999999998,0.008412499999999996,0.026525,0.0052499999999999995,-0.02475,0.003749999999999998,-0.009000000000000001,0.050699999999999995,0.0371,0.029556249999999996,0.02854583333333333,0.027974999999999996,0.006175,0.005366666666666665,0.01405
2020-10,-0.0198,-0.0352625,-0.02,-0.0506,-0.039999999999999994,-0.016575,-0.073,-0.0284,-0.0222,-0.031831250000000005,-0.0278875,-0.0395,-0.031099999999999996,-0.02625833333333333,-0.047599999999999996
2020-11,0.10930000000000001,0.073375,0.097875,0.08249999999999999,0.07855,0.10327499999999999,0.0298,0.0963,0.1334,0.0848375,0.08918333333333334,0.0894,0.10597499999999999,0.10507499999999999,0.08159999999999999
2020-12,0.04000000000000001,0.049824999999999994,0.0471,0.06355000000000001,0.0548,0.05000000000000001,0.0425,0.01985,0.0351,0.034837499999999993,0.038924999999999994,0.0417,0.044950000000000004,0.04663333333333333,0.0388
2021-01,-0.0123,0.01065,8.750000000000077e-05,0.0427,0.027675,0.014375,0.0898,-0.0329,-0.026600000000000002,-0.011125,-0.007387499999999999,0.004900000000000002,0.0005374999999999998,0.005150000000000001,0.0316
2021-02,0.011399999999999999,0.04554999999999999,0.0244125,0.025550000000000003,0.0584,0.026975000000000002,0.0168,-0.0228,-0.018500000000000003,0.011374999999999996,0.015720833333333333,0.0013750000000000012,0.01995,0.022291666666666668,-0.0008500000000000018
2021-03,0.0144,0.060450000000000004,0.029887499999999997,0.0747,0.06875,0.013624999999999998,0.0891,0.002049999999999998,-0.018000000000000002,0.03125,0.03079583333333333,0.038375,0.025375,0.021458333333333333,0.03555
2021-04,-0.0158,-0.028262500000000003,-0.019200000000000002,-0.035050000000000005,-0.033475000000000005,-0.02655,-0.0641,-0.0073999999999999995,-0.0001,-0.01783125,-0.0182875,-0.021225,-0.016787500000000004,-0.02004166666666667,-0.032100000000000004
2021-05,0.0086,0.006337500000000001,-0.0028875,-0.015,0.012325000000000003,-0.005749999999999999,-0.0282,-0.01415,-0.0129,-0.003906249999999999,-0.003566666666666666,-0.014575,-0.0002874999999999987,-0.0021083333333333323,-0.02055
2021-06,0.0006,-0.002362499999999999,0.004337499999999999,0.007450000000000002,-0.011525,-0.014124999999999999,-0.0098,0.0065499999999999985,-0.0103,0.0020937499999999997,0.002841666666666666,0.007,-0.0109125,-0.011983333333333332,-0.01005
2021-07,-0.0109,0.002424999999999999,-0.0024125,-0.00285,-0.00735,-0.012525,-0.0182,-0.015099999999999999,-0.0191,-0.006337499999999999,-0.005029166666666667,-0.008975,-0.013224999999999999,-0.012991666666666665,-0.01865
2021-08,0.0286,0.015787499999999996,0.0233125,0.017,0.014599999999999998,0.03265,0.0179,0.021400000000000002,0.024300000000000002,0.01859375,0.020166666666666666,0.019200000000000002,0.019450000000000002,0.02385,0.0211
2021-09,0.0298,0.0347,0.0312625,0.0322,0.036675,0.037125,0.022000000000000002,0.03185,0.0364,0.033275,0.03260416666666667,0.032025,0.0365375,0.03673333333333333,0.029200000000000004
2021-10,-0.0382,-0.05497500000000001,-0.0435,-0.07495,-0.0571,-0.037175,-0.0775,-0.025849999999999998,-0.0225,-0.040412500000000004,-0.04144166666666667,-0.0504,-0.0398,-0.038924999999999994,-0.05
2021-11,-0.0292,-0.053875,-0.047999999999999994,-0.0535,-0.047575,-0.028325,-0.024700000000000003,-0.0323,-0.0128,-0.0430875,-0.044724999999999994,-0.0429,-0.0301875,-0.029566666666666668,-0.018750000000000003
2021-12,0.0131,0.035962499999999994,0.0156375,0.0354,0.02975,0.01175,0.037000000000000005,0.016149999999999998,0.0236,0.026056249999999996,0.02258333333333333,0.025775,0.026674999999999997,0.021699999999999997,0.0303
2022-01,-0.051399999999999994,0.000587499999999999,-0.055775000000000005,-0.0148,0.022275000000000003,-0.042275,0.0113,-0.08474999999999999,-0.0662,-0.042081249999999994,-0.04664583333333333,-0.049775,-0.021962499999999996,-0.028733333333333333,-0.02745
2022-02,-0.003,0.030624999999999996,0.019237499999999998,0.05954999999999999,0.024,0.007024999999999998,0.04019999999999999,-0.006499999999999999,-0.0174,0.012062499999999999,0.014454166666666664,0.026524999999999996,0.003300000000000001,0.004541666666666666,0.011399999999999997
2022-03,-0.0154,-0.041225,-0.028337499999999995,-0.0579,-0.021425,-0.01845,-0.054900000000000004,-0.0139,0.0025,-0.027562499999999997,-0.027820833333333333,-0.0359,-0.0094625,-0.012458333333333333,-0.0262
2022-04,-0.08470000000000001,-0.0730375,-0.0789375,-0.07164999999999999,-0.066775,-0.06185,-0.0429,-0.0874,-0.0821,-0.08021875,-0.07979166666666666,-0.079525,-0.0744375,-0.07024166666666666,-0.0625
2022-05,0.0129,0.0283375,0.0252125,0.0506,0.029625,0.033424999999999996,0.0642,0.02035,0.0148,0.02434375,0.02463333333333333,0.035475,0.0222125,0.02595,0.03949999999999999
2022-06,-0.0676,-0.041925,-0.0585125,-0.0283,-0.036925,-0.059175000000000005,0.0086,-0.06595000000000001,-0.07690000000000001,-0.0539375,-0.055462500000000005,-0.047125,-0.056912500000000005,-0.05766666666666667,-0.03415000000000001
2022-07,0.0575,0.0294875,0.057199999999999994,0.02545,0.021575,0.05905,0.0207,0.04825,0.0407,0.03886875,0.04497916666666666,0.03685,0.0311375,0.04044166666666667,0.030699999999999998
2022-08,-0.0292,-0.0189125,-0.022375,-0.016499999999999997,-0.016075,-0.0337,-0.020099999999999996,-0.0093,-0.02,-0.014106249999999999,-0.0168625,-0.012899999999999998,-0.018037499999999998,-0.023258333333333336,-0.02005
2022-09,-0.09079999999999999,-0.085675,-0.09562499999999999,-0.10369999999999999,-0.100425,-0.1004,-0.1054,-0.07869999999999999,-0.0827,-0.0821875,-0.08666666666666667,-0.09119999999999999,-0.09156249999999999,-0.09450833333333335,-0.09405
2022-10,0.0218,-0.004312500000000002,0.024662499999999997,-0.017400000000000002,0.0003499999999999996,0.043,-0.0316,0.01535,0.013000000000000001,0.005518749999999999,0.011899999999999999,-0.0010250000000000007,0.006675,0.018783333333333332,-0.009300000000000001
2022-11,0.1049,0.11714999999999999,0.0995375,0.1264,0.106425,0.07942500000000001,0.1014,0.10675000000000001,0.1043,0.11195,0.10781249999999999,0.11657500000000001,0.1053625,0.09671666666666667,0.10285
2022-12,0.005,0.048187499999999994,0.0160625,0.04365,0.044950000000000004,0.0123,0.0558,0.03185,0.0342,0.04001875,0.03203333333333334,0.037750000000000006,0.039575,0.030483333333333335,0.045
2023-01,0.0508,0.044525,0.047662500000000003,0.0377,0.037849999999999995,0.048175,0.0227,0.03155,0.0239,0.0380375,0.041245833333333336,0.034625,0.030875,0.03664166666666666,0.0233
2023-02,-0.036199999999999996,-0.0057,-0.0365875,-0.0111,-0.013125000000000001,-0.04725,-0.018000000000000002,-0.0238,-0.024900000000000002,-0.014750000000000001,-0.02202916666666667,-0.01745,-0.0190125,-0.028425000000000002,-0.021450000000000004
2023-03,0.0433,0.022337500000000003,0.040725,0.0434,0.0138,0.041225,0.046,0.03385,0.0275,0.02809375,0.03230416666666666,0.038625,0.02065,0.027508333333333333,0.03675
2023-04,0.0007999999999999995,0.0168125,-0.0017125000000000005,0.026749999999999996,0.020775000000000002,0.004924999999999999,0.0326,-0.0066,0.0027,0.0051062500000000005,0.0028333333333333335,0.010074999999999997,0.011737500000000001,0.009466666666666667,0.01765
2023-05,0.008799999999999999,-0.0119375,-0.006987500000000001,0.00545,0.0018999999999999991,0.014625000000000003,0.0064,-0.00595,0.0137,-0.00894375,-0.008291666666666668,-0.0002500000000000002,0.0078,0.010075,0.01005
2023-06,0.03949999999999999,0.04857500000000001,0.0443625,0.04945,0.053175,0.057850000000000006,0.060700000000000004,0.044399999999999995,0.0449,0.0464875,0.04577916666666667,0.046924999999999994,0.0490375,0.051975,0.0528
2023-07,0.0289,0.06698749999999999,0.033475000000000005,0.0706,0.069475,0.03385,0.0868,0.02815,0.031,0.04756874999999999,0.04287083333333333,0.049375,0.0502375,0.044775,0.0589
2023-08,-0.0178,0.0065875,-0.012937500000000001,0.023850000000000003,0.007425,-0.01845,0.032,-0.013550000000000001,-0.022400000000000003,-0.003481250000000001,-0.006633333333333334,0.005150000000000001,-0.007487500000000001,-0.011141666666666668,0.004799999999999999
2023-09,-0.0204,0.028237500000000002,-0.014012500000000004,0.022899999999999997,0.0356,-0.009750000000000003,0.0341,-0.0163,-0.0174,0.005968750000000002,-0.0006916666666666668,0.003299999999999999,0.0091,0.0028166666666666665,0.00835
2023-10,-0.044899999999999995,-0.045200000000000004,-0.04945,-0.064,-0.04930000000000001,-0.04000000000000001,-0.0508,-0.052500000000000005,-0.049800000000000004,-0.048850000000000005,-0.04905,-0.05825,-0.04955000000000001,-0.046366666666666674,-0.0503
2023-11,0.0794,0.056125,0.0967375,0.08660000000000001,0.048875,0.10952500000000001,0.0634,0.0834,0.07980000000000001,0.0697625,0.07875416666666667,0.085,0.0643375,0.07940000000000001,0.0716
2023-12,0.0477,0.037425,0.062087500000000004,0.0347,0.02605,0.055175,0.0199,0.04385,0.032400000000000005,0.0406375,0.047787500000000004,0.039275000000000004,0.029225,0.037875,0.026150000000000003
2024-01,0.0306,0.037425,0.013425000000000001,0.027549999999999998,0.044149999999999995,0.023125000000000003,0.0263,0.04665,0.06,0.0420375,0.0325,0.037099999999999994,0.052074999999999996,0.042425,0.04315
2024-02,0.0291,0.01515,0.0045000000000000005,0.004600000000000001,0.017925,0.005575,0.015700000000000002,0.054400000000000004,0.0745,0.034775,0.024683333333333335,0.029500000000000002,0.0462125,0.03266666666666667,0.0451
2024-03,0.0329,0.06895000000000001,0.04,0.09054999999999999,0.077675,0.037599999999999995,0.0958,0.03955,0.0524,0.05425000000000001,0.04950000000000001,0.06505,0.0650375,0.055891666666666666,0.0741
2024-04,-0.055400000000000005,-0.042725,-0.06175,-0.0269,-0.0399,-0.0662,-0.0414,-0.07395,-0.0661,-0.0583375,-0.059475,-0.050425,-0.053000000000000005,-0.05740000000000001,-0.053750000000000006
2024-05,0.0094,0.0312625,0.016075,0.0425,0.030175000000000004,0.0166,0.027200000000000002,0.0146,0.0242,0.02293125,0.020645833333333332,0.028550000000000002,0.027187500000000003,0.023658333333333337,0.0257
2024-06,-0.006500000000000001,-0.028687499999999998,-0.005937499999999998,-0.06974999999999999,-0.026799999999999997,0.010175,-0.0226,-0.0003500000000000005,-0.0124,-0.014518749999999999,-0.011658333333333333,-0.03505,-0.0196,-0.009674999999999998,-0.017499999999999998
2024-07,0.0665,0.0624,0.059125,0.05035,0.06715,0.0562,0.0506,0.0456,0.044199999999999996,0.054,0.05570833333333333,0.047975000000000004,0.055675,0.055850000000000004,0.0474
2024-08,0.00029999999999999905,-0.021637499999999997,0.0222375,-0.0049,-0.02045,0.038675,0.017,-0.0078,-0.0197,-0.01471875,-0.002399999999999999,-0.00635,-0.020075,-0.0004916666666666658,-0.0013499999999999988
2024-09,0.0033,-0.004487500000000001,0.007075,-0.020700000000000003,0.0009499999999999995,0.0039000000000000016,-0.0229,0.0051,-0.0013,0.00030624999999999966,0.0025624999999999997,-0.007800000000000001,-0.00017500000000000024,0.0011833333333333338,-0.0121
2024-10,-0.0387,-0.04485,-0.0464,-0.03805,-0.0368,-0.02815,-0.028300000000000002,-0.04655,-0.026600000000000002,-0.045700000000000005,-0.04593333333333333,-0.042300000000000004,-0.0317,-0.030516666666666668,-0.027450000000000002
2024-11,0.0083,0.0247375,0.006400000000000001,-0.0060999999999999995,0.03425,0.008025000000000001,0.022000000000000002,0.022899999999999997,0.0072,0.02381875,0.018012499999999997,0.008399999999999998,0.020725,0.01649166666666667,0.014600000000000002
2024-12,-0.008199999999999999,-0.004699999999999999,-0.0020499999999999997,-0.0074,-0.0049499999999999995,0.0027500000000000003,-0.0141,-0.01435,-0.0143,-0.009524999999999999,-0.007033333333333333,-0.010875,-0.009625,-0.0055000000000000005,-0.0142
2025-01,0.0124,0.0251625,0.016037500000000003,0.028450000000000003,0.014250000000000002,0.00485,0.002,0.010100000000000001,0.0146,0.01763125,0.0171,0.019275,0.014425,0.011233333333333333,0.0083
2025-02,-0.0073,0.017349999999999997,0.0028249999999999994,0.0109,0.011125,0.0079,0.0424,-0.01065,-0.022099999999999998,0.003349999999999999,0.0031749999999999994,0.0001250000000000001,-0.005487499999999999,-0.0010249999999999992,0.010150000000000001
2025-03,0.0064,0.028525000000000002,0.01615,0.0339,0.018625000000000003,-0.0011249999999999984,0.031200000000000002,0.01845,0.0105,0.0234875,0.02104166666666667,0.026175,0.014562500000000003,0.009333333333333334,0.02085
2025-04,0.0572,0.015349999999999997,0.053700000000000005,0.00845,-0.008775,0.047700000000000006,-0.0213,0.05775,0.0518,0.03655,0.04226666666666667,0.033100000000000004,0.0215125,0.030241666666666667,0.01525
2025-05,0.040499999999999994,0.043687500000000004,0.0360875,0.02765,0.047700000000000006,0.041,0.0222,0.0474,0.0546,0.04554375,0.04239166666666667,0.037525,0.05115,0.04776666666666667,0.038400000000000004
2025-06,0.0204,0.0184875,0.027100000000000003,0.012,0.006199999999999999,0.024249999999999997,0.0014000000000000002,0.03365,0.0378,0.02606875,0.026412500000000002,0.022824999999999998,0.022,0.022750000000000003,0.0196
2025-07,-0.016900000000000002,0.021700000000000004,-0.007924999999999998,0.033800000000000004,0.011025,-0.022649999999999997,0.0239,-0.019,-0.0384,0.0013500000000000022,-0.0017416666666666646,0.007400000000000002,-0.013687499999999998,-0.016675,-0.007249999999999998
2025-08,0.0716,0.11442500000000001,0.0881875,0.14385,0.110175,0.071525,0.1165,0.07300000000000001,0.0592,0.0937125,0.09187083333333335,0.10842500000000001,0.0846875,0.0803,0.08785000000000001
2025-09,0.021800000000000003,0.024125,0.012424999999999999,0.02285,0.02205,0.014125,0.0288,0.0213,0.0346,0.0227125,0.019283333333333333,0.022074999999999997,0.028325,0.023591666666666667,0.0317
2025-10,0.0187,-0.02955,-0.019800000000000005,-0.022350000000000002,-0.024374999999999997,0.011025000000000004,0.0001,0.008199999999999999,0.055999999999999994,-0.010675,-0.013716666666666669,-0.007075000000000001,0.0158125,0.014216666666666667,0.02805
2025-11,0.00010000000000000026,0.0526125,0.025775,0.0503,0.06155,0.033449999999999994,0.07519999999999999,-0.00015000000000000083,-0.035,0.026231249999999998,0.026079166666666667,0.025075,0.013274999999999999,0.02,0.020099999999999993
2025-12,0.0074,0.019799999999999998,0.00048750000000000095,-0.0036999999999999993,0.013349999999999997,-0.008074999999999999,-0.0174,-0.005350000000000001,-0.021400000000000002,0.007224999999999999,0.0049791666666666665,-0.0045249999999999995,-0.0040250000000000025,-0.005375000000000001,-0.0194
2026-01,0.05910000000000001,0.07446249999999999,0.0402125,0.06265,0.06497499999999999,0.037625,0.0516,0.0799,0.0852,0.07718124999999999,0.06485833333333334,0.071275,0.0750875,0.0626,0.0684
2026-02,0.0925,0.10999999999999999,0.07392499999999999,0.08979999999999999,0.1026,0.07292499999999999,0.0788,0.1232,0.1164,0.1166,0.102375,0.1065,0.1095,0.09730833333333333,0.09759999999999999
2026-03,-0.1169,-0.11233749999999999,-0.0889875,-0.0702,-0.10557499999999999,-0.08249999999999999,-0.0355,-0.14505,-0.1417,-0.12869375,-0.11545833333333333,-0.107625,-0.12363749999999998,-0.109925,-0.0886
2026-04,0.083,0.037474999999999994,0.027312499999999997,-0.01425,0.0201,0.023899999999999998,-0.0332,0.1573,0.18739999999999998,0.09738749999999999,0.07402916666666666,0.07152499999999999,0.10375,0.07713333333333333,0.07709999999999999
2026-05,0.0497,0.0375375,0.009675,0.0072499999999999995,0.037700000000000004,0.01185,-0.0406,0.04345,0.0833,0.04049375,0.030220833333333336,0.02535,0.0605,0.044283333333333334,0.02135
2026-06,-0.0063,-0.0262125,-0.0174125,-0.04915,-0.02665,-0.012525,-0.0605,0.0052499999999999995,0.0292,-0.010481250000000001,-0.012791666666666666,-0.02195,0.001275,-0.0033250000000000003,-0.015649999999999997
2026-07,0.0196,0.07977499999999998,0.058300000000000005,0.11365,0.0852,0.035625000000000004,0.1153,-0.07465,-0.11349999999999999,0.0025624999999999953,0.02114166666666667,0.019500000000000003,-0.014149999999999996,0.0024416666666666705,0.000900000000000005
